[
  {
    "annual_freq": 20,
    "city": "Anchorage AK",
    "lat": 61.22,
    "lng": -149.9,
    "url": "http://www.thedancingbears.com/",
    "weekdays": "Fridays"
  },
  {
    "annual_freq": 20,
    "city": "Fairbanks AK",
    "icals": [
      "https://calendar.google.com/calendar/ical/5jo5hkvmtf1dupernojlqkf66k%40group.calendar.google.com/public/basic.ics"
    ],
    "lat": 64.84,
    "lng": -147.72,
    "url": "http://contraborealis.org/",
    "weekdays": "Fridays and Saturdays"
  },
  {
    "annual_freq": 5,
    "city": "Juneau AK",
    "lat": 58.3,
    "lng": -134.42,
    "url": "http://www.juneaucontras.org/",
    "weekdays": "Saturdays"
  },
  {
    "annual_freq": 12,
    "city": "Birmingham AL",
    "icals": [
      "https://calendar.google.com/calendar/ical/uib6449eb1f32ikqc11tot77d4%40group.calendar.google.com/public/basic.ics"
    ],
    "lat": 33.52,
    "lng": -86.8,
    "url": "https://www.footmadbirmingham.org",
    "weekdays": "Saturdays"
  },
  {
    "annual_freq": 27,
    "city": "Huntsville AL",
    "lat": 34.73,
    "lng": -86.59,
    "url": "https://www.facebook.com/groups/nacds",
    "weekdays": "Saturdays"
  },
  {
    "annual_freq": 12,
    "city": "Fayetteville AR",
    "lat": 36.06,
    "lng": -94.16,
    "url": "http://www.nwacontra.org/",
    "weekdays": "Saturdays"
  },
  {
    "annual_freq": 27,
    "city": "North Little Rock AR",
    "lat": 34.77,
    "lng": -92.27,
    "url": "http://www.arkansascountrydance.org/",
    "weekdays": "Fridays"
  },
  {
    "annual_freq": 12,
    "city": "Flagstaff AZ",
    "lat": 35.2,
    "lng": -111.64,
    "url": "http://ffotm.org/contra-dances/",
    "weekdays": "Saturdays"
  },
  {
    "annual_freq": 22,
    "city": "Phoenix AZ",
    "lat": 33.45,
    "lng": -112.07,
    "url": "http://www.phxtmd.org/",
    "weekdays": "Fridays and Saturdays"
  },
  {
    "annual_freq": 20,
    "city": "Tucson AZ",
    "lat": 32.22,
    "lng": -110.93,
    "url": "https://tucsoncontradancers.org/",
    "weekdays": "Saturdays"
  },
  {
    "annual_freq": 11,
    "city": "Anaheim CA",
    "lat": 33.84,
    "lng": -117.91,
    "url": "http://www.thelivingtradition.org/tltbodydance.html",
    "weekdays": "Saturdays"
  },
  {
    "annual_freq": 12,
    "city": "Los Angeles CA",
    "gender_free": true,
    "lat": 34.05,
    "lng": -118.24,
    "url": "https://www.sccdc.org/contra/california-twirl/",
    "weekdays": "Fridays"
  },
  {
    "annual_freq": 27,
    "city": "Pasadena CA",
    "lat": 34.15,
    "lng": -118.14,
    "url": "https://www.sccdc.org/contra/",
    "weekdays": "Saturdays"
  },
  {
    "annual_freq": 12,
    "city": "Santa Cruz CA",
    "gender_free": true,
    "lat": 36.97,
    "lng": -122.03,
    "url": "https://www.facebook.com/groups/contrasantacruz/",
    "weekdays": "Fridays"
  },
  {
    "annual_freq": 27,
    "city": "Berkeley CA",
    "gender_free": true,
    "lat": 37.87,
    "lng": -122.27,
    "url": "http://www.bacds.org/series/contra/berkeley_wed/",
    "weekdays": "Thursdays"
  },
  {
    "annual_freq": 24,
    "city": "San Francisco CA",
    "gender_free": true,
    "lat": 37.77,
    "lng": -122.42,
    "url": "https://bacds.org/series/contra/san_francisco_wed/",
    "weekdays": "Wednesdays"
  },
  {
    "annual_freq": 27,
    "city": "Palo Alto CA",
    "gender_free": true,
    "lat": 37.44,
    "lng": -122.14,
    "url": "http://www.bacds.org/series/contra/palo_alto/",
    "weekdays": "Saturdays"
  },
  {
    "annual_freq": 11,
    "city": "San Jose CA",
    "gender_free": true,
    "inactive": true,
    "lat": 37.34,
    "lng": -121.89,
    "url": "http://www.bacds.org/series/contra/san_jose/",
    "weekdays": "Sundays"
  },
  {
    "annual_freq": 15,
    "city": "Hayward CA",
    "gender_free": true,
    "lat": 37.67,
    "lng": -122.08,
    "url": "https://sfbaycontra.org/",
    "weekdays": "Sundays"
  },
  {
    "annual_freq": 32,
    "city": "Santa Barbara CA",
    "lat": 34.42,
    "lng": -119.7,
    "url": "http://www.sbcds.org/contradance/schedule/",
    "weekdays": "Sundays"
  },
  {
    "annual_freq": 12,
    "city": "Oakland CA",
    "gender_free": true,
    "lat": 37.81,
    "lng": -122.27,
    "url": "http://www.queercontradance.org/circleleft.html",
    "weekdays": "Saturdays"
  },
  {
    "annual_freq": 12,
    "city": "Petaluma CA",
    "gender_free": true,
    "lat": 38.23,
    "lng": -122.64,
    "url": "http://www.nbcds.org/",
    "weekdays": "Sundays"
  },
  {
    "annual_freq": 15,
    "city": "Santa Rosa CA",
    "lat": 38.44,
    "lng": -122.71,
    "url": "http://www.nbcds.org/",
    "weekdays": "Fridays and Saturdays"
  },
  {
    "annual_freq": 12,
    "city": "San Rafael CA",
    "lat": 37.97,
    "lng": -122.53,
    "url": "http://www.nbcds.org/",
    "weekdays": "Saturdays"
  },
  {
    "annual_freq": 20,
    "city": "Monterey CA",
    "gender_free": true,
    "lat": 36.6,
    "lng": -121.89,
    "url": "http://montereycontradance.org",
    "weekdays": "Saturdays"
  },
  {
    "annual_freq": 24,
    "city": "Sacramento CA",
    "gender_free": true,
    "lat": 38.58,
    "lng": -121.49,
    "url": "http://www.sactocds.org/",
    "weekdays": "Fridays and Saturdays"
  },
  {
    "annual_freq": 27,
    "city": "San Diego CA",
    "gender_free": true,
    "lat": 32.72,
    "lng": -117.16,
    "url": "https://sdfolkheritage.org/contradance/",
    "weekdays": "Wednesdays and Saturdays"
  },
  {
    "annual_freq": 12,
    "city": "San Luis Obispo CA",
    "lat": 35.28,
    "lng": -120.66,
    "url": "http://www.cccds.org/",
    "weekdays": "Saturdays"
  },
  {
    "annual_freq": 12,
    "city": "Fresno CA",
    "lat": 36.74,
    "lng": -119.77,
    "url": "https://www.evobluestein.com/central-california-community-dance/",
    "weekdays": "Saturdays"
  },
  {
    "annual_freq": 12,
    "city": "Alameda CA",
    "lat": 37.78,
    "lng": -122.28,
    "url": "https://www.meetup.com/alameda-contra-dance-community-dance-with-live-music/",
    "weekdays": "Saturdays"
  },
  {
    "annual_freq": 12,
    "city": "Grass Valley CA",
    "lat": 39.22,
    "lng": -121.06,
    "url": "https://www.contradancenc.org/",
    "weekdays": "Saturdays"
  },
  {
    "annual_freq": 24,
    "city": "Boulder CO",
    "lat": 40.01,
    "lng": -105.27,
    "url": "http://www.cfootmad.org",
    "weekdays": "Fridays"
  },
  {
    "annual_freq": 24,
    "city": "Denver CO",
    "lat": 39.74,
    "lng": -104.98,
    "url": "http://www.cfootmad.org",
    "weekdays": "Fridays"
  },
  {
    "annual_freq": 12,
    "city": "Denver CO",
    "lat": 39.74,
    "lng": -104.98,
    "url": "http://www.cfootmad.org",
    "weekdays": "Saturdays"
  },
  {
    "annual_freq": 12,
    "city": "Denver CO",
    "gender_free": true,
    "lat": 39.74,
    "lng": -104.98,
    "url": "http://www.cfootmad.org",
    "weekdays": "Saturdays"
  },
  {
    "annual_freq": 7,
    "city": "Buena Vista CO",
    "lat": 38.84,
    "lng": -106.13,
    "url": "http://www.arkvalleymusicanddance.org/calendar-of-events.html",
    "weekdays": "Fridays"
  },
  {
    "annual_freq": 27,
    "city": "Fort Collins CO",
    "lat": 40.59,
    "lng": -105.08,
    "url": "http://www.fotd.org/",
    "weekdays": "Saturdays"
  },
  {
    "annual_freq": 7,
    "city": "Grand Junction CO",
    "lat": 39.06,
    "lng": -108.55,
    "url": "https://www.fifthreelmusicanddance.com/services",
    "weekdays": "Saturdays"
  },
  {
    "annual_freq": 12,
    "city": "Colorado Springs CO",
    "lat": 38.83,
    "lng": -104.82,
    "url": "https://www.pptdcontra.com/",
    "weekdays": "Sundays"
  },
  {
    "annual_freq": 8,
    "city": "Carbondale CO",
    "lat": 39.4,
    "lng": -107.21,
    "url": "https://www.facebook.com/groups/704823689706272/",
    "weekdays": "Saturdays"
  },
  {
    "annual_freq": 12,
    "city": "Wethersfield CT",
    "lat": 41.71,
    "lng": -72.66,
    "url": "http://www.hcdance.org/contra-dance/",
    "weekdays": "Saturdays"
  },
  {
    "annual_freq": 22,
    "city": "New Haven CT",
    "lat": 41.31,
    "lng": -72.93,
    "url": "https://newhavencontra.org/",
    "weekdays": "Saturdays"
  },
  {
    "annual_freq": 12,
    "city": "Groton CT",
    "lat": 41.35,
    "lng": -72.08,
    "url": "https://mysticpiedance.wixsite.com/mystic-pie-dance",
    "weekdays": "Saturdays"
  },
  {
    "annual_freq": 10,
    "city": "Coventry CT",
    "lat": 41.78,
    "lng": -72.34,
    "url": "http://www.hcdance.org/quiet-corner-contra/",
    "weekdays": "Fridays"
  },
  {
    "annual_freq": 9,
    "city": "Stafford CT",
    "lat": 41.98,
    "lng": -72.32,
    "url": "https://www.facebook.com/StaffordStomp/",
    "weekdays": "Saturdays"
  },
  {
    "annual_freq": 10,
    "city": "Arden DE",
    "gender_free": true,
    "lat": 39.81,
    "lng": -75.49,
    "url": "https://www.facebook.com/groups/ardencontra/",
    "weekdays": "Sundays"
  },
  {
    "annual_freq": 12,
    "city": "Boca Raton FL",
    "lat": 26.36,
    "lng": -80.08,
    "url": "https://www.facebook.com/southfloridacontradance/",
    "weekdays": "Saturdays"
  },
  {
    "annual_freq": 12,
    "city": "Cocoa FL",
    "lat": 28.39,
    "lng": -80.74,
    "url": "https://spacecoastcontra.org/",
    "weekdays": "Saturdays"
  },
  {
    "annual_freq": 12,
    "city": "Gainesville FL",
    "lat": 29.65,
    "lng": -82.32,
    "url": "http://godsdance.org/",
    "weekdays": "Fridays"
  },
  {
    "annual_freq": 24,
    "city": "Tallahassee FL",
    "lat": 30.44,
    "lng": -84.28,
    "url": "http://www.tallydancer.com/",
    "weekdays": "Fridays"
  },
  {
    "annual_freq": 36,
    "city": "Tampa FL",
    "lat": 27.95,
    "lng": -82.46,
    "url": "http://www.tampabaycontra.com/",
    "weekdays": "Fridays and Saturdays"
  },
  {
    "annual_freq": 12,
    "city": "Melrose FL",
    "lat": 29.71,
    "lng": -82.04,
    "url": "https://www.facebook.com/Melrose-Contra-Dance-1631846603752150/",
    "weekdays": "Saturdays"
  },
  {
    "annual_freq": 12,
    "city": "Jacksonville FL",
    "lat": 30.33,
    "lng": -81.66,
    "url": "http://JaxContra.org",
    "weekdays": "Saturdays"
  },
  {
    "annual_freq": 48,
    "city": "Orlando FL",
    "gender_free": true,
    "lat": 28.54,
    "lng": -81.38,
    "url": "https://orlandocontra.org/",
    "weekdays": "Fridays"
  },
  {
    "annual_freq": 36,
    "city": "Melrose FL",
    "lat": 29.71,
    "lng": -82.04,
    "url": "https://dancingfish.dance/events/",
    "weekdays": "Fridays and Saturdays"
  },
  {
    "annual_freq": 52,
    "city": "Decatur GA",
    "lat": 33.77,
    "lng": -84.3,
    "url": "http://www.contradance.org",
    "weekdays": "Fridays"
  },
  {
    "annual_freq": 22,
    "city": "Gainesville GA",
    "inactive": true,
    "lat": 34.3,
    "lng": -83.82,
    "url": "http://atgaga.com/",
    "weekdays": "Saturdays"
  },
  {
    "annual_freq": 10,
    "city": "Savannah GA",
    "lat": 32.08,
    "lng": -81.1,
    "url": "https://www.savannahfolk.org/dance-events/",
    "weekdays": "Saturdays"
  },
  {
    "annual_freq": 12,
    "city": "Sautee Nacoochee GA",
    "lat": 34.68,
    "lng": -83.67,
    "url": "https://snca.org/contra/home.php",
    "weekdays": "Saturdays"
  },
  {
    "annual_freq": 12,
    "city": "Athens GA",
    "lat": 33.95,
    "lng": -83.36,
    "url": "https://www.northgeorgiafolkfestival.org/contradances",
    "weekdays": "Saturdays"
  },
  {
    "annual_freq": 52,
    "city": "Atlanta GA",
    "lat": 33.75,
    "lng": -84.39,
    "url": "https://contradance.org/trolleybarn",
    "weekdays": "Tuesdays"
  },
  {
    "annual_freq": 24,
    "city": "Honolulu HI",
    "lat": 21.31,
    "lng": -157.86,
    "url": "http://contradancehi.weebly.com/",
    "weekdays": "Saturdays"
  },
  {
    "annual_freq": 6,
    "city": "Des Moines IA",
    "lat": 41.6,
    "lng": -93.61,
    "url": "https://www.facebook.com/Des-Moines-Area-Barn-Contra-Dance-198569640201183/",
    "weekdays": "Saturdays"
  },
  {
    "annual_freq": 10,
    "city": "Fairfield IA",
    "lat": 41.01,
    "lng": -91.97,
    "url": "https://ffadc.blogspot.com/",
    "weekdays": "Saturdays"
  },
  {
    "annual_freq": 10,
    "city": "Decorah IA",
    "lat": 43.3,
    "lng": -91.79,
    "url": "https://www.facebook.com/DecorahContra/",
    "weekdays": "Saturdays"
  },
  {
    "annual_freq": 12,
    "city": "Moscow ID",
    "lat": 46.73,
    "lng": -117.0,
    "url": "https://www.facebook.com/groups/378676195487095/",
    "weekdays": "Saturdays"
  },
  {
    "annual_freq": 8,
    "city": "Pocatello ID",
    "lat": 42.87,
    "lng": -112.45,
    "url": "https://www.facebook.com/groups/PocatelloContra",
    "weekdays": "Saturdays"
  },
  {
    "annual_freq": 8,
    "city": "Boise ID",
    "lat": 43.62,
    "lng": -116.2,
    "url": "https://www.facebook.com/groups/218705032849113/",
    "weekdays": "Saturdays"
  },
  {
    "annual_freq": 11,
    "city": "Sandpoint ID",
    "lat": 48.28,
    "lng": -116.55,
    "url": "https://www.facebook.com/profile.php?id=100070097186328",
    "weekdays": "Fridays"
  },
  {
    "annual_freq": 50,
    "city": "Chicago IL",
    "lat": 41.88,
    "lng": -87.63,
    "url": "http://www.chicagobarndance.org/",
    "weekdays": "Mondays"
  },
  {
    "annual_freq": 10,
    "city": "Chicago IL",
    "gender_free": true,
    "lat": 41.88,
    "lng": -87.63,
    "url": "https://www.facebook.com/QueerContraChicago/",
    "weekdays": "Saturdays"
  },
  {
    "annual_freq": 12,
    "city": "Urbana IL",
    "lat": 40.11,
    "lng": -88.21,
    "url": "http://www.urbana-contra.org/",
    "weekdays": "Fridays"
  },
  {
    "annual_freq": 10,
    "city": "Glen Ellyn IL",
    "lat": 41.88,
    "lng": -88.07,
    "url": "http://foxvalleyfolk.com/barndance.html",
    "weekdays": "Sundays"
  },
  {
    "annual_freq": 12,
    "city": "Carbondale IL",
    "lat": 37.72,
    "lng": -89.21,
    "url": "https://www.facebook.com/profile.php?id=61551423593584",
    "weekdays": "Saturdays"
  },
  {
    "annual_freq": 12,
    "city": "Downers Grove IL",
    "lat": 41.81,
    "lng": -88.01,
    "url": "https://www.plankroad.org/BarnDances.html",
    "weekdays": "Saturdays"
  },
  {
    "annual_freq": 52,
    "city": "Bloomington IN",
    "lat": 39.17,
    "lng": -86.53,
    "url": "http://bloomingtoncontra.org",
    "weekdays": "Wednesdays"
  },
  {
    "annual_freq": 12,
    "city": "Indianapolis IN",
    "lat": 39.77,
    "lng": -86.16,
    "url": "http://www.indycontra.org/",
    "weekdays": "Tuesdays"
  },
  {
    "annual_freq": 8,
    "city": "Valparaiso IN",
    "lat": 41.47,
    "lng": -87.06,
    "url": "http://valpo.chicagobarndance.com/",
    "weekdays": "Saturdays"
  },
  {
    "annual_freq": 10,
    "city": "Goshen IN",
    "lat": 41.58,
    "lng": -85.83,
    "url": "http://godancing.org/",
    "weekdays": "Saturdays"
  },
  {
    "annual_freq": 8,
    "city": "South Bend IN",
    "lat": 41.68,
    "lng": -86.26,
    "url": "http://www.sbcontras.org",
    "weekdays": "Fridays or Saturdays"
  },
  {
    "annual_freq": 20,
    "city": "Lawrence KS",
    "lat": 38.97,
    "lng": -95.24,
    "url": "http://www.lawrencebarndance.org/",
    "weekdays": "Saturdays"
  },
  {
    "annual_freq": 12,
    "city": "Wichita KS",
    "lat": 37.69,
    "lng": -97.34,
    "url": "https://www.facebook.com/groups/derbybarndance/",
    "weekdays": "Saturdays"
  },
  {
    "annual_freq": 20,
    "city": "Berea KY",
    "lat": 37.57,
    "lng": -84.3,
    "url": "http://www.bereacontradance.org/schedule.html",
    "weekdays": "Fridays and Saturdays"
  },
  {
    "annual_freq": 30,
    "city": "Lexington KY",
    "lat": 38.04,
    "lng": -84.5,
    "url": "https://www.ltda.us/",
    "weekdays": "Fridays and Saturdays"
  },
  {
    "annual_freq": 52,
    "city": "Louisville KY",
    "lat": 38.25,
    "lng": -85.76,
    "url": "http://www.louisvillecountrydancers.org/",
    "weekdays": "Mondays"
  },
  {
    "annual_freq": 12,
    "city": "Louisville KY",
    "lat": 38.25,
    "lng": -85.76,
    "url": "http://www.louisvillecountrydancers.org/",
    "weekdays": "Saturdays"
  },
  {
    "annual_freq": 24,
    "city": "Frankfort KY",
    "lat": 38.2,
    "lng": -84.87,
    "url": "http://cchdm.weebly.com/announcements",
    "weekdays": "Fridays"
  },
  {
    "annual_freq": 5,
    "city": "Somerset KY",
    "lat": 37.09,
    "lng": -84.6,
    "url": "https://www.facebook.com/pages/Somerset-Contra-Dance/194026780616706",
    "weekdays": "Saturdays"
  },
  {
    "annual_freq": 12,
    "city": "Lafayette LA",
    "lat": 30.22,
    "lng": -92.01,
    "url": "http://louisianacontrasandsquares.com/",
    "weekdays": "Saturdays"
  },
  {
    "annual_freq": 12,
    "city": "Baton Rouge LA",
    "lat": 30.45,
    "lng": -91.14,
    "url": "http://louisianacontrasandsquares.com/",
    "weekdays": "Saturdays"
  },
  {
    "annual_freq": 12,
    "city": "Amherst MA",
    "gender_free": true,
    "lat": 42.37,
    "lng": -72.52,
    "url": "http://amherstcontra.org",
    "weekdays": "Wednesdays"
  },
  {
    "annual_freq": 104,
    "city": "Greenfield MA",
    "gender_free": true,
    "icals": [
      "https://calendar.google.com/calendar/ical/llfb18hnki77ac2udmhnk0q0g0@group.calendar.google.com/public/basic.ics",
      "https://calendar.google.com/calendar/ical/ch2r1iv9fqjfapg26tp8ia56qo@group.calendar.google.com/public/basic.ics",
      "https://calendar.google.com/calendar/ical/sm782g97b6me0g2oualn4dp1vk@group.calendar.google.com/public/basic.ics",
      "https://calendar.google.com/calendar/ical/tpnri3iul94a6e1082om29cogo@group.calendar.google.com/public/basic.ics",
      "https://calendar.google.com/calendar/ical/69hvhbml5qee2s949n2abce7vo@group.calendar.google.com/public/basic.ics",
      "https://calendar.google.com/calendar/ical/oti261eau3175gebpfh028sk5k@group.calendar.google.com/public/basic.ics"
    ],
    "lat": 42.59,
    "lng": -72.6,
    "url": "https://guidingstargrange.org/events.html",
    "weekdays": "Fridays and Saturdays"
  },
  {
    "annual_freq": 12,
    "city": "Lenox MA",
    "lat": 42.36,
    "lng": -73.28,
    "url": "http://www.lenoxcontradance.org/",
    "weekdays": "Saturdays"
  },
  {
    "annual_freq": 21,
    "city": "Cambridge MA",
    "gender_free": true,
    "icals": [
      "https://www.bidadance.org/events.ics"
    ],
    "lat": 42.37,
    "lng": -71.11,
    "url": "http://www.bidadance.org/",
    "weekdays": "Sundays"
  },
  {
    "annual_freq": 12,
    "city": "Northampton MA",
    "gender_free": true,
    "lat": 42.33,
    "lng": -72.64,
    "url": "https://www.facebook.com/groups/1311451995547490/",
    "weekdays": "Saturdays"
  },
  {
    "annual_freq": 12,
    "city": "Woods Hole MA",
    "lat": 41.53,
    "lng": -70.67,
    "url": "https://www.facebook.com/groups/876169475813486/",
    "weekdays": "Saturdays"
  },
  {
    "annual_freq": 12,
    "city": "Wellfleet MA",
    "lat": 41.93,
    "lng": -70.03,
    "url": "https://www.facebook.com/outermostcontra/",
    "weekdays": "Fridays"
  },
  {
    "annual_freq": 25,
    "city": "Concord MA",
    "gender_free": true,
    "icals": [
      "https://calendar.google.com/calendar/ical/mondaycontras.com_926irfb6qbpig87t0hvu5ga7gc@group.calendar.google.com/public/basic.ics"
    ],
    "lat": 42.46,
    "lng": -71.35,
    "url": "http://mondaycontras.com/",
    "weekdays": "Mondays"
  },
  {
    "annual_freq": 25,
    "city": "Concord MA",
    "gender_free": true,
    "lat": 42.46,
    "lng": -71.35,
    "url": "https://www.neffa.org/thursday-contras/",
    "weekdays": "Thursdays"
  },
  {
    "annual_freq": 5,
    "city": "Jamaica Plain MA",
    "gender_free": true,
    "lat": 42.31,
    "lng": -71.12,
    "url": "http://www.lcfd.org/jp/",
    "weekdays": "Saturdays"
  },
  {
    "annual_freq": 12,
    "city": "Lexington MA",
    "lat": 42.44,
    "lng": -71.23,
    "url": "http://roaringjelly.org/~jc/site/rj/index.cgi",
    "weekdays": "Fridays"
  },
  {
    "annual_freq": 8,
    "city": "Northboro MA",
    "lat": 42.31,
    "lng": -71.57,
    "url": "http://northborocontra.com/",
    "weekdays": "Saturdays"
  },
  {
    "annual_freq": 24,
    "city": "Rehoboth MA",
    "gender_free": true,
    "lat": 41.85,
    "lng": -71.24,
    "url": "https://rehobothcontradance.com",
    "weekdays": "Fridays"
  },
  {
    "annual_freq": 10,
    "city": "Sheffield MA",
    "lat": 42.11,
    "lng": -73.36,
    "url": "http://sheffieldcontradance.wordpress.com/",
    "weekdays": "Saturdays"
  },
  {
    "annual_freq": 9,
    "city": "Worcester MA",
    "lat": 42.26,
    "lng": -71.8,
    "url": "http://www.worcesterdance.org/",
    "weekdays": "Saturdays"
  },
  {
    "annual_freq": 5,
    "city": "Gloucester MA",
    "lat": 42.62,
    "lng": -70.66,
    "url": "https://www.facebook.com/CapeAnnContraDance/",
    "weekdays": "Saturdays"
  },
  {
    "annual_freq": 8,
    "city": "Amherst MA",
    "gender_free": true,
    "icals": [
      "https://engage.hampshire.edu/organization/contradancecollective/events.ics"
    ],
    "lat": 42.37,
    "lng": -72.52,
    "url": "https://engage.hampshire.edu/organization/contradancecollective",
    "weekdays": "Wednesdays"
  },
  {
    "annual_freq": 12,
    "city": "Williamstown MA",
    "lat": 42.71,
    "lng": -73.2,
    "url": "https://northberkshiredance.org/",
    "weekdays": "Saturdays"
  },
  {
    "annual_freq": 12,
    "city": "Arlington MA",
    "lat": 42.42,
    "lng": -71.16,
    "url": "https://www.kofc109.com/contra",
    "weekdays": "Sundays"
  },
  {
    "annual_freq": 8,
    "city": "Groton MA",
    "icals": [
      "https://calendar.google.com/calendar/ical/grotongrange%40gmail.com/public/basic.ics"
    ],
    "lat": 42.61,
    "lng": -71.57,
    "url": "https://grotongrange.org/events/contra-dance/",
    "weekdays": "Saturdays"
  },
  {
    "annual_freq": 52,
    "city": "Baltimore MD",
    "lat": 39.29,
    "lng": -76.61,
    "url": "http://www.bfms.org/squarecontra.php",
    "weekdays": "Wednesdays"
  },
  {
    "annual_freq": 12,
    "city": "Baltimore MD",
    "lat": 39.29,
    "lng": -76.61,
    "url": "http://www.bfms.org/saturdayDance.php",
    "weekdays": "Saturdays"
  },
  {
    "annual_freq": 8,
    "city": "Chaptico MD",
    "lat": 38.37,
    "lng": -76.78,
    "url": "https://www.smtmd.org/dances",
    "weekdays": "Saturdays"
  },
  {
    "annual_freq": 52,
    "city": "Glen Echo MD",
    "gender_free": true,
    "icals": [
      "https://eb-to-ical.daylightpirates.org/eventbrite-organizer-ical?organizer=https%3A%2F%2Fwww.eventbrite.com%2Fo%2Ffriday-night-dancers-87159242583"
    ],
    "lat": 38.97,
    "lng": -77.14,
    "url": "http://fridaynightdance.org/",
    "weekdays": "Fridays"
  },
  {
    "annual_freq": 12,
    "city": "Silver Spring MD",
    "gender_free": true,
    "lat": 38.99,
    "lng": -77.03,
    "url": "https://carpediemarts.org/dance-with-us",
    "weekdays": "Thursdays"
  },
  {
    "annual_freq": 12,
    "city": "Belfast ME",
    "gender_free": true,
    "icals": [
      "https://belfastflyingshoes.org/?post_type=tribe_events&ical=1&eventDisplay=list"
    ],
    "lat": 44.43,
    "lng": -69.01,
    "url": "https://www.belfastflyingshoes.org/",
    "weekdays": "Fridays"
  },
  {
    "annual_freq": 12,
    "city": "Portland ME",
    "gender_free": true,
    "icals": [
      "https://calendar.google.com/calendar/ical/0d91bca8eebb5bf2b86e7ea2ef26a3f6f1729ee3c73b87985a0407204e00dbc4%40group.calendar.google.com/public/basic.ics"
    ],
    "lat": 43.66,
    "lng": -70.26,
    "url": "https://www.commonfloorcontra.dance/",
    "weekdays": "Sundays"
  },
  {
    "annual_freq": 52,
    "city": "Portland ME",
    "gender_free": true,
    "lat": 43.66,
    "lng": -70.26,
    "url": "https://www.portlandintowncontradance.com/",
    "weekdays": "Thursdays"
  },
  {
    "annual_freq": 12,
    "city": "Otisfield ME",
    "lat": 44.09,
    "lng": -70.55,
    "url": "https://www.facebook.com/Otisfield-Contra-Dance-1933069520038977/",
    "weekdays": "Sundays"
  },
  {
    "annual_freq": 12,
    "city": "Lewiston ME",
    "lat": 44.1,
    "lng": -70.21,
    "url": "https://deffa.org/venue/trinity-commons/",
    "weekdays": "Fridays"
  },
  {
    "annual_freq": 2,
    "city": "Cherryfield ME",
    "lat": 44.61,
    "lng": -67.93,
    "url": "https://deffa.org/venue/cherryfield-contra-dance/",
    "weekdays": "Saturdays"
  },
  {
    "annual_freq": 12,
    "city": "Hallowell ME",
    "gender_free": true,
    "icals": [
      "https://calendar.google.com/calendar/ical/365bea0a69c61ed1419ea490097d7311c8461a001f47cfebb28b0891e3ecbb5c%40group.calendar.google.com/public/basic.ics"
    ],
    "lat": 44.29,
    "lng": -69.79,
    "url": "https://www.kennebec-contra.org/",
    "weekdays": "Saturdays"
  },
  {
    "annual_freq": 12,
    "city": "Freeport ME",
    "lat": 43.86,
    "lng": -70.1,
    "url": "http://freeportharraseeketgrange.com/",
    "weekdays": "Sundays"
  },
  {
    "annual_freq": 12,
    "city": "Surry ME",
    "gender_free": true,
    "icals": [
      "https://calendar.google.com/calendar/ical/surrycontra@gmail.com/public/basic.ics"
    ],
    "lat": 44.5,
    "lng": -68.5,
    "url": "https://surrycontra.org",
    "weekdays": "Saturdays"
  },
  {
    "annual_freq": 12,
    "city": "Dover-Foxcroft ME",
    "lat": 45.18,
    "lng": -69.23,
    "url": "https://centralhallcommons.org/whats-happening-at-central-hall-commons/concerts/",
    "weekdays": "Fridays"
  },
  {
    "annual_freq": 4,
    "city": "Vassalboro ME",
    "lat": 44.46,
    "lng": -69.68,
    "url": "https://www.facebook.com/VassalboroGrange",
    "weekdays": "Saturdays"
  },
  {
    "annual_freq": 4,
    "city": "Eastport ME",
    "inactive": true,
    "lat": 44.91,
    "lng": -66.99,
    "url": "https://www.facebook.com/MooseIslandContradance",
    "weekdays": "Fridays and Saturdays"
  },
  {
    "annual_freq": 6,
    "city": "Berwick ME",
    "gender_free": true,
    "icals": [
      "https://calendar.google.com/calendar/ical/847d1b4679c840d289b7980cfcaa598c5ef7a8eec70f0d8eb554e67f0bf6320e@group.calendar.google.com/public/basic.ics"
    ],
    "lat": 43.27,
    "lng": -70.86,
    "url": "https://www.hackmatackplayhouse.org/contra-dances",
    "weekdays": "Sundays"
  },
  {
    "annual_freq": 12,
    "city": "Bangor ME",
    "gender_free": true,
    "lat": 44.8,
    "lng": -68.77,
    "url": "https://www.facebook.com/groups/bangorcontra/",
    "weekdays": "Fridays"
  },
  {
    "annual_freq": 6,
    "city": "St Albans ME",
    "lat": 44.91,
    "lng": -69.41,
    "url": "https://deffa.org/series/st-albans-contra-dance/",
    "weekdays": "Fridays"
  },
  {
    "annual_freq": 12,
    "city": "Falmouth ME",
    "gender_free": true,
    "lat": 43.74,
    "lng": -70.26,
    "url": "https://www.facebook.com/groups/726222849231519/",
    "weekdays": "Saturdays"
  },
  {
    "annual_freq": 12,
    "city": "Topsham ME",
    "gender_free": true,
    "icals": [
      "https://calendar.google.com/calendar/ical/topshamcontra%40gmail.com/public/basic.ics"
    ],
    "lat": 43.94,
    "lng": -69.97,
    "url": "https://topshamcontra.org/",
    "weekdays": "Saturdays"
  },
  {
    "annual_freq": 12,
    "city": "Damariscotta ME",
    "gender_free": true,
    "icals": [
      "https://calendar.google.com/calendar/ical/5dtkuqr12hhju4trf196jjqmb0@group.calendar.google.com/public/basic.ics"
    ],
    "lat": 44.03,
    "lng": -69.53,
    "url": "https://sites.google.com/site/oystercreekfiddlers/where-we-are-performing",
    "weekdays": "Fridays"
  },
  {
    "annual_freq": 8,
    "city": "Brooks ME",
    "gender_free": true,
    "lat": 44.55,
    "lng": -69.12,
    "url": "https://deffa.org/venue/marsh-river-theater-24-monroe-highway-brooks-me-04921/",
    "weekdays": "Fridays"
  },
  {
    "annual_freq": 6,
    "city": "Bowdoin ME",
    "gender_free": true,
    "lat": 44.05,
    "lng": -69.97,
    "url": "https://www.instagram.com/bowdoincontradance/",
    "weekdays": "Thursdays"
  },
  {
    "annual_freq": 36,
    "city": "Ann Arbor MI",
    "lat": 42.28,
    "lng": -83.74,
    "url": "http://aactmad.org/contra/",
    "weekdays": "Saturdays"
  },
  {
    "annual_freq": 24,
    "city": "Kalamazoo MI",
    "lat": 42.29,
    "lng": -85.59,
    "url": "https://www.countrydancinginkalamazoo.com/",
    "weekdays": "Saturdays"
  },
  {
    "annual_freq": 12,
    "city": "Troy MI",
    "lat": 42.61,
    "lng": -83.15,
    "url": "http://www.octds.org/",
    "weekdays": "Saturdays"
  },
  {
    "annual_freq": 10,
    "city": "Grand Rapids MI",
    "lat": 42.96,
    "lng": -85.67,
    "url": "https://www.facebook.com/groups/6210465735716071",
    "weekdays": "Fridays"
  },
  {
    "annual_freq": 10,
    "city": "Grand Rapids MI",
    "lat": 42.96,
    "lng": -85.67,
    "url": "https://sites.google.com/view/grandriverfolkarts/dances",
    "weekdays": "Fridays"
  },
  {
    "annual_freq": 9,
    "city": "Traverse City MI",
    "lat": 44.76,
    "lng": -85.62,
    "url": "https://www.facebook.com/events/674682238092842",
    "weekdays": "Saturdays"
  },
  {
    "annual_freq": 9,
    "city": "Lansing MI",
    "lat": 42.73,
    "lng": -84.55,
    "url": "http://www.tenpoundfiddle.org/contra-dances/",
    "weekdays": "Saturdays"
  },
  {
    "annual_freq": 60,
    "city": "Minneapolis MN",
    "lat": 44.98,
    "lng": -93.27,
    "url": "https://www.tapestryfolkdance.org/contra",
    "weekdays": "Mondays and Saturdays"
  },
  {
    "annual_freq": 12,
    "city": "Kansas City MO",
    "lat": 39.1,
    "lng": -94.58,
    "url": "https://www.facebook.com/groups/30128907202/",
    "weekdays": "Saturdays"
  },
  {
    "annual_freq": 12,
    "city": "Cape Girardeau MO",
    "lat": 37.31,
    "lng": -89.52,
    "url": "https://facebook.com/groups/165256476374/",
    "weekdays": "Sundays"
  },
  {
    "annual_freq": 20,
    "city": "Springfield MO",
    "lat": 37.21,
    "lng": -93.29,
    "url": "http://www.springfieldcontra.org/when.htm",
    "weekdays": "Saturdays"
  },
  {
    "annual_freq": 50,
    "city": "Webster Groves MO",
    "icals": [
      "https://calendar.google.com/calendar/ical/o5u2gq91ncm069vc4nbkjm3gt4%40group.calendar.google.com/public/basic.ics"
    ],
    "lat": 38.59,
    "lng": -90.36,
    "url": "https://childgrove.org/",
    "weekdays": "Sundays"
  },
  {
    "annual_freq": 12,
    "city": "St Louis MO",
    "gender_free": true,
    "icals": [
      "https://calendar.google.com/calendar/ical/o5u2gq91ncm069vc4nbkjm3gt4%40group.calendar.google.com/public/basic.ics"
    ],
    "lat": 38.63,
    "lng": -90.2,
    "url": "https://childgrove.org/",
    "weekdays": "Wednesdays"
  },
  {
    "annual_freq": 12,
    "city": "Columbia MO",
    "lat": 38.95,
    "lng": -92.33,
    "url": "https://mmtd.wordpress.com/",
    "weekdays": "Saturdays"
  },
  {
    "annual_freq": 12,
    "city": "Ashland MO",
    "lat": 38.77,
    "lng": -92.26,
    "url": "https://mmtd.wordpress.com/",
    "weekdays": "Fridays"
  },
  {
    "annual_freq": 12,
    "city": "Creve Coeur MO",
    "icals": [
      "https://calendar.google.com/calendar/ical/o5u2gq91ncm069vc4nbkjm3gt4%40group.calendar.google.com/public/basic.ics"
    ],
    "lat": 38.66,
    "lng": -90.42,
    "url": "https://childgrove.org/index.php",
    "weekdays": "Wednesdays"
  },
  {
    "annual_freq": 18,
    "city": "Bozeman MT",
    "icals": [
      "https://calendar.google.com/calendar/ical/bozemanfolklore@gmail.com/public/basic.ics"
    ],
    "lat": 45.68,
    "lng": -111.05,
    "url": "https://bozemanfolklore.org/contra-dance/",
    "weekdays": "Fridays and Saturdays"
  },
  {
    "annual_freq": 16,
    "city": "Missoula MT",
    "icals": [
      "https://calendar.google.com/calendar/ical/c_31a096c6afcf840798e0ec2836bebbc4426655e46657c603f18a48447e9d6c7e%40group.calendar.google.com/public/basic.ics"
    ],
    "lat": 46.86,
    "lng": -114.02,
    "url": "https://www.missoulafolk.org/",
    "weekdays": "Saturdays"
  },
  {
    "annual_freq": 52,
    "city": "Charlotte NC",
    "lat": 35.23,
    "lng": -80.84,
    "url": "https://www.charlottecontradance.org/",
    "weekdays": "Mondays"
  },
  {
    "annual_freq": 12,
    "city": "Charlotte NC",
    "lat": 35.23,
    "lng": -80.84,
    "url": "https://www.charlottecontradance.org/",
    "weekdays": "Sundays"
  },
  {
    "annual_freq": 45,
    "city": "Brasstown NC",
    "icals": [
      "https://www.trumba.com/calendars/folkschool.ics"
    ],
    "lat": 35.04,
    "lng": -83.96,
    "url": "https://www.folkschool.org/calendar/",
    "weekdays": "Tuesdays"
  },
  {
    "annual_freq": 12,
    "city": "Boone NC",
    "lat": 36.22,
    "lng": -81.67,
    "url": "http://www.boonecountrydancers.org/",
    "weekdays": "Saturdays"
  },
  {
    "annual_freq": 12,
    "city": "Greensboro NC",
    "lat": 36.07,
    "lng": -79.79,
    "url": "http://feetretreat.com/",
    "weekdays": "Saturdays"
  },
  {
    "annual_freq": 12,
    "city": "Winston-Salem NC",
    "lat": 36.1,
    "lng": -80.24,
    "url": "http://feetretreat.com/",
    "weekdays": "Tuesdays"
  },
  {
    "annual_freq": 12,
    "city": "Wilmington NC",
    "lat": 34.23,
    "lng": -77.94,
    "url": "https://www.facebook.com/WilmingtonContra/",
    "weekdays": "Tuesdays"
  },
  {
    "annual_freq": 50,
    "city": "Carrboro NC",
    "lat": 35.91,
    "lng": -79.08,
    "url": "https://www.tcdancers.org/new-events",
    "weekdays": "Fridays"
  },
  {
    "annual_freq": 12,
    "city": "Carrboro NC",
    "gender_free": true,
    "icals": [
      "https://calendar.google.com/calendar/ical/firstsaturdaycontra@gmail.com/public/basic.ics"
    ],
    "lat": 35.91,
    "lng": -79.08,
    "url": "http://firstsaturdaycontra.com/",
    "weekdays": "Saturdays"
  },
  {
    "annual_freq": 52,
    "city": "Asheville NC",
    "lat": 35.6,
    "lng": -82.55,
    "url": "https://www.facebook.com/MondayNightContra/",
    "weekdays": "Mondays"
  },
  {
    "annual_freq": 52,
    "city": "Asheville NC",
    "icals": [
      "https://oldfarmersball.com/?post_type=tribe_events&ical=1&eventDisplay=list"
    ],
    "lat": 35.6,
    "lng": -82.55,
    "url": "http://oldfarmersball.com/contra-dances/thursday-dance/",
    "weekdays": "Thursdays"
  },
  {
    "annual_freq": 12,
    "city": "Franklin NC",
    "lat": 35.18,
    "lng": -83.38,
    "url": "https://www.facebook.com/FranklinContra",
    "weekdays": "Saturdays"
  },
  {
    "annual_freq": 12,
    "city": "Omaha NE",
    "lat": 41.25,
    "lng": -96.0,
    "url": "https://www.facebook.com/ContraOmaha/",
    "weekdays": "Saturdays"
  },
  {
    "annual_freq": 12,
    "city": "Lincoln NE",
    "lat": 40.81,
    "lng": -96.68,
    "url": "https://www.facebook.com/contradancelincoln/",
    "weekdays": "Saturdays"
  },
  {
    "annual_freq": 52,
    "city": "Nelson NH",
    "lat": 42.99,
    "lng": -72.13,
    "url": "http://www.monadnockfolk.org/?page_id=63",
    "weekdays": "Mondays"
  },
  {
    "annual_freq": 12,
    "city": "Manchester NH",
    "lat": 43.0,
    "lng": -71.45,
    "url": "http://www.wordworthy2.org/Mill_City_Contra_Dance/",
    "weekdays": "Fridays"
  },
  {
    "annual_freq": 10,
    "city": "Concord NH",
    "lat": 43.21,
    "lng": -71.54,
    "url": "https://concordnhcontra.wordpress.com/",
    "weekdays": "Saturdays"
  },
  {
    "annual_freq": 12,
    "city": "Peterborough NH",
    "lat": 42.87,
    "lng": -71.95,
    "url": "http://www.monadnockfolk.org/?page_id=30",
    "weekdays": "Saturdays"
  },
  {
    "annual_freq": 12,
    "city": "Milford NH",
    "lat": 42.84,
    "lng": -71.65,
    "url": "https://www.facebook.com/Milford-Contra-Dance-920139244691079/",
    "weekdays": "Fridays"
  },
  {
    "annual_freq": 12,
    "city": "Newfields NH",
    "lat": 43.03,
    "lng": -70.94,
    "url": "https://seacoastcontra.com/",
    "weekdays": "Fridays"
  },
  {
    "annual_freq": 52,
    "city": "Princeton NJ",
    "lat": 40.36,
    "lng": -74.67,
    "url": "http://www.princetoncountrydancers.org/",
    "weekdays": "Wednesdays"
  },
  {
    "annual_freq": 24,
    "city": "Chatham NJ",
    "gender_free": true,
    "lat": 40.73,
    "lng": -74.42,
    "url": "https://folkproject.org/swingin-tern/",
    "weekdays": "Saturdays"
  },
  {
    "annual_freq": 12,
    "city": "Dover NH",
    "lat": 43.2,
    "lng": -70.87,
    "url": "https://www.facebook.com/groups/1003765254297548",
    "weekdays": "Fridays"
  },
  {
    "annual_freq": 8,
    "city": "Canturbury NH",
    "lat": 43.34,
    "lng": -71.57,
    "url": "https://www.facebook.com/groups/1801909466608693",
    "weekdays": "Sundays"
  },
  {
    "annual_freq": 10,
    "city": "Mesilla NM",
    "lat": 32.27,
    "lng": -106.8,
    "url": "http://www.snmmds.org/",
    "weekdays": "Fridays"
  },
  {
    "annual_freq": 24,
    "city": "Albuquerque NM",
    "lat": 35.11,
    "lng": -106.61,
    "url": "http://folkmads.org/events/albuquerque-events/",
    "weekdays": "Saturdays"
  },
  {
    "annual_freq": 24,
    "city": "Santa Fe NM",
    "icals": [
      "https://calendar.google.com/calendar/ical/folkmads@gmail.com/public/basic.ics"
    ],
    "lat": 35.69,
    "lng": -105.94,
    "url": "http://folkmads.org/events/santa-fe-events/",
    "weekdays": "Saturdays"
  },
  {
    "annual_freq": 12,
    "city": "Las Vegas NV",
    "lat": 36.11,
    "lng": -115.17,
    "url": "https://www.lasvegascontradance.org",
    "weekdays": "Saturdays"
  },
  {
    "annual_freq": 10,
    "city": "Reno NV",
    "inactive": true,
    "lat": 39.53,
    "lng": -119.81,
    "url": "http://sierracontra.org/",
    "weekdays": "Saturdays"
  },
  {
    "annual_freq": 52,
    "city": "Rochester NY",
    "lat": 43.16,
    "lng": -77.61,
    "url": "http://www.cdrochester.org/",
    "weekdays": "Thursdays"
  },
  {
    "annual_freq": 12,
    "city": "Rochester NY",
    "lat": 43.16,
    "lng": -77.61,
    "url": "https://roccontra.com/",
    "weekdays": "Fridays"
  },
  {
    "annual_freq": 12,
    "city": "Buffalo NY",
    "lat": 42.89,
    "lng": -78.88,
    "url": "http://www.qccd.org/",
    "weekdays": "Saturdays"
  },
  {
    "annual_freq": 8,
    "city": "Ithaca NY",
    "lat": 42.44,
    "lng": -76.5,
    "url": "http://www.hands4dancers.org/",
    "weekdays": "Saturdays"
  },
  {
    "annual_freq": 35,
    "city": "New York NY",
    "gender_free": true,
    "icals": [
      "https://calendar.google.com/calendar/ical/4e2tnmgfn2ph2tvaefa8ldbuqo@group.calendar.google.com/public/basic.ics"
    ],
    "lat": 40.71,
    "lng": -74.01,
    "url": "http://cdny.org/",
    "weekdays": "Saturdays"
  },
  {
    "annual_freq": 9,
    "city": "Poughkeepsie NY",
    "icals": [
      "https://calendar.google.com/calendar/ical/r0obdlg9b1hkjju0dfqarq1tqk@group.calendar.google.com/public/basic.ics"
    ],
    "lat": 41.7,
    "lng": -73.92,
    "url": "https://hudsonvalleydance.org/contra",
    "weekdays": "Saturdays"
  },
  {
    "annual_freq": 11,
    "city": "Owego NY",
    "lat": 42.1,
    "lng": -76.26,
    "url": "https://www.facebook.com/groups/498931860304418/",
    "weekdays": "Sundays"
  },
  {
    "annual_freq": 24,
    "city": "Brooklyn NY",
    "gender_free": true,
    "lat": 40.65,
    "lng": -73.95,
    "url": "http://www.brooklyncontra.org/",
    "weekdays": "Sundays"
  },
  {
    "annual_freq": 30,
    "city": "Fayetteville NY",
    "icals": [
      "https://syracusecountrydancers.org/events.ics"
    ],
    "lat": 43.03,
    "lng": -76.0,
    "url": "http://syracusecountrydancers.org/",
    "weekdays": "Saturdays"
  },
  {
    "annual_freq": 11,
    "city": "Hillsdale NY",
    "lat": 42.18,
    "lng": -73.53,
    "url": "http://cococontra.org/",
    "weekdays": "Saturdays"
  },
  {
    "annual_freq": 6,
    "city": "Voorheesville NY",
    "icals": [
      "https://oldsongs.org/events/?ical=1"
    ],
    "lat": 42.65,
    "lng": -73.93,
    "url": "https://oldsongs.org/dances/",
    "weekdays": "Saturdays"
  },
  {
    "annual_freq": 8,
    "city": "Binghamton NY",
    "inactive": true,
    "lat": 42.1,
    "lng": -75.92,
    "url": "https://binghamtondance.org/",
    "weekdays": "Saturdays"
  },
  {
    "annual_freq": 10,
    "city": "Cooperstown NY",
    "lat": 42.7,
    "lng": -74.92,
    "url": "http://otsegodancesociety.weebly.com",
    "weekdays": "Fridays"
  },
  {
    "annual_freq": 12,
    "city": "Albany NY",
    "gender_free": true,
    "lat": 42.65,
    "lng": -73.76,
    "url": "https://www.danceflurry.org/series/albany-contradance/",
    "weekdays": "Fridays"
  },
  {
    "annual_freq": 11,
    "city": "Smithtown NY",
    "icals": [
      "https://litma.org/?plugin=all-in-one-event-calendar&controller=ai1ec_exporter_controller&action=export_events&no_html=true&ai1ec_cat_ids=13"
    ],
    "lat": 40.86,
    "lng": -73.2,
    "url": "http://www.litma.org/",
    "weekdays": "Fridays"
  },
  {
    "annual_freq": 9,
    "city": "Fredonia NY",
    "lat": 42.44,
    "lng": -79.33,
    "url": "http://www.fredoniacontra.com/",
    "weekdays": "Fridays"
  },
  {
    "annual_freq": 52,
    "city": "Cincinnati OH",
    "lat": 39.1,
    "lng": -84.51,
    "url": "http://www.cincinnaticontradance.org/",
    "weekdays": "Mondays"
  },
  {
    "annual_freq": 12,
    "city": "Cleveland Heights OH",
    "lat": 41.52,
    "lng": -81.56,
    "url": "http://www.neohiocontradance.org/",
    "weekdays": "Saturdays"
  },
  {
    "annual_freq": 9,
    "city": "Wooster OH",
    "lat": 40.81,
    "lng": -81.94,
    "url": "http://www.neohiocontradance.org/",
    "weekdays": "Saturdays"
  },
  {
    "annual_freq": 11,
    "city": "Lakewood OH",
    "lat": 41.48,
    "lng": -81.8,
    "url": "http://www.neohiocontradance.org/",
    "weekdays": "Saturdays"
  },
  {
    "annual_freq": 12,
    "city": "Columbus OH",
    "icals": [
      "https://calendar.google.com/calendar/ical/bigsciotycontra@gmail.com/public/basic.ics"
    ],
    "lat": 39.96,
    "lng": -83.0,
    "url": "https://bigscioty.com/",
    "weekdays": "Saturdays"
  },
  {
    "annual_freq": 12,
    "city": "Columbus OH",
    "icals": [
      "https://calendar.google.com/calendar/ical/bigsciotycontra@gmail.com/public/basic.ics"
    ],
    "lat": 39.96,
    "lng": -83.0,
    "url": "https://firstuucolumbus.org/connection/all-soles/",
    "weekdays": "Saturdays"
  },
  {
    "annual_freq": 10,
    "city": "Wooster OH",
    "lat": 40.81,
    "lng": -81.94,
    "url": "https://www.woosterdance.com/contra",
    "weekdays": "Saturdays"
  },
  {
    "annual_freq": 13,
    "city": "Oberlin OH",
    "gender_free": true,
    "lat": 41.29,
    "lng": -82.22,
    "url": "https://www2.oberlin.edu/stuorg/contra/",
    "weekdays": "Fridays"
  },
  {
    "annual_freq": 7,
    "city": "Kettering OH",
    "lat": 39.69,
    "lng": -84.17,
    "url": "https://daytoncontra.org/",
    "weekdays": "Fridays"
  },
  {
    "annual_freq": 24,
    "city": "Oklahoma City OK",
    "icals": [
      "https://calendar.google.com/calendar/ical/ljkgdj2ujqf6jlpmu01g8v0p4o@group.calendar.google.com/public/basic.ics"
    ],
    "lat": 35.47,
    "lng": -97.52,
    "url": "http://scissortail.org/where-we-dance/oklahoma-city/",
    "weekdays": "Saturdays"
  },
  {
    "annual_freq": 10,
    "city": "Tulsa OK",
    "lat": 36.15,
    "lng": -95.99,
    "url": "https://www.facebook.com/groups/TulsaContraDance",
    "weekdays": "Saturdays"
  },
  {
    "annual_freq": 10,
    "city": "Norman OK",
    "icals": [
      "https://calendar.google.com/calendar/ical/ljkgdj2ujqf6jlpmu01g8v0p4o@group.calendar.google.com/public/basic.ics"
    ],
    "lat": 35.22,
    "lng": -97.43,
    "url": "http://scissortail.org/where-we-dance/norman/",
    "weekdays": "Fridays"
  },
  {
    "annual_freq": 9,
    "city": "Ashland OR",
    "lat": 42.19,
    "lng": -122.71,
    "url": "https://socontra.org/",
    "weekdays": "Saturdays"
  },
  {
    "annual_freq": 20,
    "city": "Corvallis OR",
    "icals": [
      "https://corvallisfolklore.org/home/?plugin=all-in-one-event-calendar&controller=ai1ec_exporter_controller&action=export_events&no_html=true&ai1ec_cat_ids=3"
    ],
    "lat": 44.56,
    "lng": -123.26,
    "url": "http://corvallisfolklore.org/home/contradancing/",
    "weekdays": "Saturdays"
  },
  {
    "annual_freq": 50,
    "city": "Portland OR",
    "gender_free": true,
    "icals": [
      "https://portlandcountrydance.org/feed/my-calendar-ics/"
    ],
    "lat": 45.52,
    "lng": -122.68,
    "url": "https://portlandcountrydance.org/pdxcontra-info/",
    "weekdays": "Saturdays"
  },
  {
    "annual_freq": 10,
    "city": "Portland OR",
    "lat": 45.52,
    "lng": -122.68,
    "url": "http://joyride.erikweberg.com/first-wednesdays/",
    "weekdays": "Wednesdays"
  },
  {
    "annual_freq": 20,
    "city": "Eugene OR",
    "icals": [
      "https://eugenefolklore.org/?plugin=all-in-one-event-calendar&controller=ai1ec_exporter_controller&action=export_events&no_html=true&ai1ec_cat_ids=12,70"
    ],
    "lat": 44.05,
    "lng": -123.09,
    "url": "http://eugenefolklore.org/",
    "weekdays": "Saturdays"
  },
  {
    "annual_freq": 10,
    "city": "Bend OR",
    "lat": 44.06,
    "lng": -121.32,
    "url": "https://bendcontra.org/",
    "weekdays": "Saturdays"
  },
  {
    "annual_freq": 10,
    "city": "Coos Bay OR",
    "lat": 43.36,
    "lng": -124.21,
    "url": "http://southcoastfolksociety.wordpress.com/contra-dance/",
    "weekdays": "Saturdays"
  },
  {
    "annual_freq": 12,
    "city": "Portland OR",
    "gender_free": true,
    "icals": [
      "https://calendar.google.com/calendar/ical/c_08857716f0dd26604ea76b0ba32575ef4a994ce012b6b429c4d65f1e8c3740c5%40group.calendar.google.com/public/basic.ics"
    ],
    "lat": 45.52,
    "lng": -122.68,
    "url": "http://contraremix.com/",
    "weekdays": "Sundays"
  },
  {
    "annual_freq": 6,
    "city": "Gold Beach OR",
    "lat": 42.41,
    "lng": -124.42,
    "url": "https://southcoastfolksociety.wordpress.com/pistol-river-contra/",
    "weekdays": "Saturdays"
  },
  {
    "annual_freq": 12,
    "city": "Meadville PA",
    "lat": 41.64,
    "lng": -80.15,
    "url": "https://www.facebook.com/toppish/",
    "weekdays": "Wednesdays"
  },
  {
    "annual_freq": 52,
    "city": "Mt. Airy PA",
    "gender_free": true,
    "lat": 40.04,
    "lng": -75.19,
    "url": "http://www.thursdaycontra.com/",
    "weekdays": "Thursdays"
  },
  {
    "annual_freq": 28,
    "city": "Pittsburgh PA",
    "icals": [
      "https://calendar.google.com/calendar/ical/pittsburghcontradance@gmail.com/public/basic.ics"
    ],
    "lat": 40.44,
    "lng": -80.0,
    "url": "http://pittsburghcontra.org/",
    "weekdays": "Fridays"
  },
  {
    "annual_freq": 9,
    "city": "Mt. Airy PA",
    "lat": 40.04,
    "lng": -75.19,
    "url": "http://www.thursdaycontra.com/ThirdSaturday.html",
    "weekdays": "Saturdays"
  },
  {
    "annual_freq": 10,
    "city": "Lancaster PA",
    "lat": 40.04,
    "lng": -76.31,
    "url": "https://www.lancastercontra.org/",
    "weekdays": "Saturdays"
  },
  {
    "annual_freq": 12,
    "city": "Harrisburg PA",
    "lat": 40.27,
    "lng": -76.88,
    "url": "https://www.harrisburgcontra.org",
    "weekdays": "Fridays"
  },
  {
    "annual_freq": 27,
    "city": "Bethlehem PA",
    "lat": 40.63,
    "lng": -75.37,
    "url": "http://www.valleycontradance.org/",
    "weekdays": "Saturdays"
  },
  {
    "annual_freq": 10,
    "city": "Birdsboro PA",
    "lat": 40.26,
    "lng": -75.8,
    "url": "http://birdsborocontra.org/",
    "weekdays": "Saturdays"
  },
  {
    "annual_freq": 24,
    "city": "Swarthmore PA",
    "gender_free": true,
    "lat": 39.9,
    "lng": -75.35,
    "url": "https://ParkAvenueContra.org",
    "weekdays": "Tuesdays"
  },
  {
    "annual_freq": 12,
    "city": "Lewisburg PA",
    "lat": 40.96,
    "lng": -76.88,
    "url": "https://lewisburgcontra.wixsite.com/lewisburgcontradance",
    "weekdays": "Saturdays"
  },
  {
    "annual_freq": 8,
    "city": "Honesdale PA",
    "lat": 41.58,
    "lng": -75.26,
    "url": "https://thecooperageproject.org/events-news/contra-dance-2025/",
    "weekdays": "Saturdays"
  },
  {
    "annual_freq": 12,
    "city": "Providence RI",
    "gender_free": true,
    "inactive": true,
    "lat": 41.82,
    "lng": -71.41,
    "url": "https://www.facebook.com/ProvidenceCommunityDance/",
    "weekdays": "Fridays"
  },
  {
    "annual_freq": 24,
    "city": "Charleston SC",
    "lat": 32.78,
    "lng": -79.93,
    "url": "http://charlestonfolk.weebly.com/",
    "weekdays": "Fridays"
  },
  {
    "annual_freq": 10,
    "city": "Columbia SC",
    "lat": 34.0,
    "lng": -81.03,
    "url": "http://www.contracola.org/",
    "weekdays": "Saturdays"
  },
  {
    "annual_freq": 40,
    "city": "Marietta SC",
    "icals": [
      "https://harvestmoonfolk.org/?post_type=tribe_events&ical=1&eventDisplay=list"
    ],
    "lat": 35.03,
    "lng": -82.5,
    "url": "https://www.harvestmoonfolk.org/",
    "weekdays": "Saturdays"
  },
  {
    "annual_freq": 52,
    "city": "Knoxville TN",
    "lat": 35.96,
    "lng": -83.92,
    "url": "https://www.knoxvillecontra.org/",
    "weekdays": "Mondays"
  },
  {
    "annual_freq": 12,
    "city": "Oak Ridge TN",
    "lat": 36.01,
    "lng": -84.27,
    "url": "https://www.knoxvillecontra.org/",
    "weekdays": "Saturdays"
  },
  {
    "annual_freq": 24,
    "city": "Nashville TN",
    "lat": 36.17,
    "lng": -86.78,
    "url": "https://www.nashvillecountrydancers.org/contra-dances",
    "weekdays": "Fridays"
  },
  {
    "annual_freq": 12,
    "city": "Memphis TN",
    "lat": 35.15,
    "lng": -90.05,
    "url": "https://www.facebook.com/groups/108316512542084/",
    "weekdays": "Fridays"
  },
  {
    "annual_freq": 48,
    "city": "Chattanooga TN",
    "lat": 35.05,
    "lng": -85.31,
    "url": "https://contranooga.us/",
    "weekdays": "Thursdays and Saturdays"
  },
  {
    "annual_freq": 33,
    "city": "Jonesborough TN",
    "lat": 36.29,
    "lng": -82.47,
    "url": "https://historicjonesboroughdancesociety.net/events",
    "weekdays": "Saturdays"
  },
  {
    "annual_freq": 12,
    "city": "Austin TX",
    "lat": 30.27,
    "lng": -97.74,
    "url": "https://www.facebook.com/groups/10253242826/",
    "weekdays": "Wednesdays"
  },
  {
    "annual_freq": 12,
    "city": "Carrollton TX",
    "icals": [
      "https://calendar.google.com/calendar/ical/nttdss@gmail.com/public/basic.ics"
    ],
    "lat": 32.98,
    "lng": -96.89,
    "url": "http://www.nttds.org/",
    "weekdays": "Saturdays"
  },
  {
    "annual_freq": 24,
    "city": "Houston TX",
    "icals": [
      "https://calendar.google.com/calendar/ical/hatdsdancer@gmail.com/public/basic.ics"
    ],
    "lat": 29.76,
    "lng": -95.37,
    "url": "http://www.hatds.org/",
    "weekdays": "Saturdays"
  },
  {
    "annual_freq": 12,
    "city": "San Antonio TX",
    "lat": 29.42,
    "lng": -98.49,
    "url": "https://www.satxcontra.org",
    "weekdays": "Saturdays"
  },
  {
    "annual_freq": 12,
    "city": "College Station TX",
    "lat": 30.63,
    "lng": -96.33,
    "url": "http://www.bcscontra.org/",
    "weekdays": "Saturdays"
  },
  {
    "annual_freq": 24,
    "city": "Salt Lake City UT",
    "lat": 40.76,
    "lng": -111.89,
    "url": "http://www.utahcontra.org/",
    "weekdays": "Saturdays"
  },
  {
    "annual_freq": 8,
    "city": "Moab UT",
    "lat": 38.57,
    "lng": -109.55,
    "url": "https://www.facebook.com/MoabCommunityDanceBand/",
    "weekdays": "Saturdays"
  },
  {
    "annual_freq": 12,
    "city": "Harrisonburg VA",
    "lat": 38.45,
    "lng": -78.87,
    "url": "https://shenandoahvalleycontradance.weebly.com/monday-night-contra.html",
    "weekdays": "Mondays"
  },
  {
    "annual_freq": 12,
    "city": "Charlottesville VA",
    "gender_free": true,
    "lat": 38.03,
    "lng": -78.48,
    "url": "https://www.facebook.com/groups/984316375582303/",
    "weekdays": "Fridays"
  },
  {
    "annual_freq": 20,
    "city": "Richmond VA",
    "icals": [
      "https://tadamsva.org/?post_type=tribe_events&ical=1&eventDisplay=list"
    ],
    "lat": 37.54,
    "lng": -77.44,
    "url": "https://tadamsva.org/",
    "weekdays": "Saturdays"
  },
  {
    "annual_freq": 12,
    "city": "Blacksburg VA",
    "lat": 37.23,
    "lng": -80.41,
    "url": "http://blacksburgcontradance.com/contradance.html",
    "weekdays": "Saturdays"
  },
  {
    "annual_freq": 9,
    "city": "Floyd VA",
    "lat": 36.91,
    "lng": -80.32,
    "url": "http://www.floydcontradance.org/",
    "weekdays": "Saturdays"
  },
  {
    "annual_freq": 12,
    "city": "Norfolk VA",
    "lat": 36.85,
    "lng": -76.29,
    "url": "https://norfolkcontradance.wordpress.com/",
    "weekdays": "Saturdays"
  },
  {
    "annual_freq": 10,
    "city": "Williamsburg VA",
    "icals": [
      "https://calendar.google.com/calendar/ical/3msbu1rr8s7dh959megvbe4t44@group.calendar.google.com/public/basic.ics"
    ],
    "lat": 37.27,
    "lng": -76.71,
    "url": "https://williamsburgcontradance.wordpress.com/",
    "weekdays": "Saturdays"
  },
  {
    "annual_freq": 12,
    "city": "Brattleboro VT",
    "lat": 42.85,
    "lng": -72.56,
    "url": "https://www.facebook.com/BrattleboroContra/",
    "weekdays": "Sundays"
  },
  {
    "annual_freq": 12,
    "city": "Burlington VT",
    "lat": 44.48,
    "lng": -73.21,
    "url": "https://queencitycontras.com/",
    "weekdays": "Fridays"
  },
  {
    "annual_freq": 27,
    "city": "Montpelier VT",
    "gender_free": true,
    "icals": [
      "https://data.accentapi.com/widget_export_calendar/25533634"
    ],
    "lat": 44.26,
    "lng": -72.58,
    "url": "https://www.montpeliercontradance.org/",
    "weekdays": "Saturdays"
  },
  {
    "annual_freq": 8,
    "city": "Cornwall VT",
    "lat": 43.96,
    "lng": -73.21,
    "url": "https://www.facebook.com/CornwallContraDance",
    "weekdays": "Saturdays"
  },
  {
    "annual_freq": 24,
    "city": "Norwich VT",
    "lat": 43.72,
    "lng": -72.31,
    "url": "https://www.facebook.com/NorwichContraDance",
    "weekdays": "Saturdays"
  },
  {
    "annual_freq": 10,
    "city": "Cabot VT",
    "gender_free": true,
    "lat": 44.4,
    "lng": -72.31,
    "url": "https://www.facebook.com/Cabotcontradance",
    "weekdays": "Fridays"
  },
  {
    "annual_freq": 8,
    "city": "St. Johnsbury VT",
    "lat": 44.42,
    "lng": -72.02,
    "url": "https://www.facebook.com/people/St-Johnsbury-Community-Contra-Dance/61565419087661/",
    "weekdays": "Sundays"
  },
  {
    "annual_freq": 8,
    "city": "Friday Harbor WA",
    "lat": 48.53,
    "lng": -123.02,
    "url": "https://www.facebook.com/pages/San-Juan-Islands-Contra-Dance/275816592483130",
    "weekdays": "Saturdays"
  },
  {
    "annual_freq": 40,
    "city": "Spokane WA",
    "lat": 47.66,
    "lng": -117.43,
    "url": "http://spokanefolklore.org/contra.html",
    "weekdays": "Wednesdays"
  },
  {
    "annual_freq": 52,
    "city": "Seattle WA",
    "gender_free": true,
    "lat": 47.61,
    "lng": -122.33,
    "url": "http://seattledance.org/contra/lakecity",
    "weekdays": "Thursdays"
  },
  {
    "annual_freq": 52,
    "city": "Seattle WA",
    "gender_free": true,
    "lat": 47.61,
    "lng": -122.33,
    "url": "http://seattledance.org/contra/emeraldcity",
    "weekdays": "Fridays"
  },
  {
    "annual_freq": 10,
    "city": "Yakima WA",
    "lat": 46.6,
    "lng": -120.5,
    "url": "https://accontradanceyakima.wixsite.com/accd",
    "weekdays": "Saturdays"
  },
  {
    "annual_freq": 10,
    "city": "Tacoma WA",
    "lat": 47.25,
    "lng": -122.44,
    "url": "http://www.tacomacontradance.org/",
    "weekdays": "Saturdays"
  },
  {
    "annual_freq": 24,
    "city": "Walla Walla WA",
    "lat": 46.06,
    "lng": -118.34,
    "url": "https://www.facebook.com/groups/1998895643471696/",
    "weekdays": "Saturdays"
  },
  {
    "annual_freq": 23,
    "city": "Bellingham WA",
    "icals": [
      "https://bellinghamcountrydance.org/?post_type=tribe_events&ical=1&eventDisplay=list"
    ],
    "lat": 48.76,
    "lng": -122.49,
    "url": "http://bellinghamcountrydance.org/",
    "weekdays": "Saturdays"
  },
  {
    "annual_freq": 8,
    "city": "Kennewick WA",
    "inactive": true,
    "lat": 46.21,
    "lng": -119.14,
    "url": "https://3rfs.org/contra-dances/",
    "weekdays": "Saturdays"
  },
  {
    "annual_freq": 28,
    "city": "Olympia WA",
    "gender_free": true,
    "lat": 47.04,
    "lng": -122.9,
    "url": "https://oly-wa.us/southbaygrange/contra.php",
    "weekdays": "Saturdays"
  },
  {
    "annual_freq": 42,
    "city": "Madison WI",
    "gender_free": true,
    "icals": [
      "https://calendar.google.com/calendar/ical/madisoncontradance@gmail.com/public/basic.ics"
    ],
    "lat": 43.07,
    "lng": -89.4,
    "url": "https://www.madisoncontra.org/",
    "weekdays": "Tuesdays and Saturdays"
  },
  {
    "annual_freq": 10,
    "city": "Delafield WI",
    "lat": 43.06,
    "lng": -88.4,
    "url": "http://www.delafieldcontra.com/",
    "weekdays": "Saturdays"
  },
  {
    "annual_freq": 12,
    "city": "Minneapolis MN",
    "gender_free": true,
    "lat": 44.98,
    "lng": -93.27,
    "url": "https://www.facebook.com/groups/twincitiesqueercontra",
    "weekdays": "Mondays"
  },
  {
    "annual_freq": 20,
    "city": "Milwaukee WI",
    "gender_free": true,
    "lat": 43.04,
    "lng": -87.91,
    "url": "https://www.mkecontra.org/",
    "weekdays": "Fridays"
  },
  {
    "annual_freq": 12,
    "city": "Stone Lake WI",
    "gender_free": true,
    "lat": 45.85,
    "lng": -91.54,
    "url": "http://allisonjonjak.com/StoneLakeDance/",
    "weekdays": "Saturdays"
  },
  {
    "annual_freq": 9,
    "city": "Shepherdstown WV",
    "lat": 39.43,
    "lng": -77.8,
    "url": "http://smad.us",
    "weekdays": "Saturdays"
  },
  {
    "annual_freq": 9,
    "city": "Charleston WV",
    "lat": 38.35,
    "lng": -81.63,
    "url": "https://www.footmad.org/",
    "weekdays": "Fridays"
  },
  {
    "annual_freq": 12,
    "city": "Edinburgh Scotland",
    "gender_free": true,
    "lat": 55.95,
    "lng": -3.19,
    "url": "https://www.facebook.com/EdinburghContra/",
    "weekdays": "Saturdays"
  },
  {
    "annual_freq": 12,
    "city": "Halifax Canada",
    "gender_free": true,
    "lat": 44.65,
    "lng": -63.58,
    "url": "https://www.facebook.com/HalifaxContraDances/",
    "weekdays": "Saturdays"
  },
  {
    "annual_freq": 8,
    "city": "Calgary Canada",
    "lat": 51.05,
    "lng": -114.07,
    "url": "https://contradancecalgary.weebly.com/",
    "weekdays": "Fridays"
  },
  {
    "annual_freq": 12,
    "city": "Fergus Canada",
    "lat": 43.71,
    "lng": -80.38,
    "url": "https://www.facebook.com/drumlincontradances/",
    "weekdays": "Fridays"
  },
  {
    "annual_freq": 12,
    "city": "Hamilton Canada",
    "lat": 43.26,
    "lng": -79.87,
    "url": "https://www.facebook.com/HamiltonFridayContradance/",
    "weekdays": "Fridays"
  },
  {
    "annual_freq": 24,
    "city": "Ottawa Canada",
    "gender_free": true,
    "lat": 45.42,
    "lng": -75.7,
    "url": "https://www.ottawacontra.ca/",
    "weekdays": "Saturdays"
  },
  {
    "annual_freq": 12,
    "city": "Montreal Canada",
    "gender_free": true,
    "lat": 45.5,
    "lng": -73.57,
    "url": "http://www.contramontreal.org/",
    "weekdays": "Saturdays"
  },
  {
    "annual_freq": 9,
    "city": "Quebec City Canada",
    "lat": 46.81,
    "lng": -71.21,
    "url": "https://www.facebook.com/ContraQuebec/events",
    "weekdays": "Sundays"
  },
  {
    "annual_freq": 10,
    "city": "Owen Sound Canada",
    "lat": 44.57,
    "lng": -80.94,
    "url": "https://www.facebook.com/groups/26221449658/",
    "weekdays": "Saturdays"
  },
  {
    "annual_freq": 23,
    "city": "Toronto Canada",
    "gender_free": true,
    "lat": 43.65,
    "lng": -79.38,
    "url": "http://www.tcdance.org/",
    "weekdays": "Saturdays"
  },
  {
    "annual_freq": 24,
    "city": "Vancouver Canada",
    "lat": 49.28,
    "lng": -123.12,
    "url": "http://www.vcn.bc.ca/vcountry/",
    "weekdays": "Saturdays"
  },
  {
    "annual_freq": 24,
    "city": "Victoria BC Canada",
    "lat": 48.43,
    "lng": -123.37,
    "url": "http://www.victoriacontradance.com/",
    "weekdays": "Saturdays"
  },
  {
    "annual_freq": 4,
    "city": "Paris France",
    "lat": 48.86,
    "lng": 2.35,
    "url": "https://sites.google.com/site/americancontradanceinparis/",
    "weekdays": "Saturdays"
  }
]