[
["http://www.thedancingbears.com/", "Anchorage AK", "Fridays", 20, ""],
["http://contraborealis.org/", "Fairbanks AK", "Fridays and Saturdays", 20, ""],
["http://www.juneaucontras.org/", "Juneau AK", "Saturdays", 5, ""],

["https://sites.google.com/site/bfootmad/", "Birmingham AL", "Saturdays", 12, ""],
["http://huntsvillecontra.dance", "Huntsville AL", "Saturdays", 27, ""],

["http://www.nwacontra.org/", "Fayetteville AR", "Saturdays", 12, ""],
["http://www.arkansascountrydance.org/", "North Little Rock AR", "Fridays", 27, ""],

["http://ffotm.org/contra-dances/", "Flagstaff AZ", "Saturdays", 12, ""],
["http://www.phxtmd.org/", "Phoenix AZ", "Fridays and Saturdays", 22, ""],
["http://www.folkhappens.org/dances.html", "Prescott AZ", "Saturdays", 13, ""],
["http://www.tftm.org/", "Tucson AZ", "Saturdays", 20, ""],

["http://www.thelivingtradition.org/tltbodydance.html", "Anaheim CA", "Saturdays", 11, ""],
["http://www.foothilldancers.org/", "Newcastle CA", "Saturdays", 12, ""],
["http://www.caldancecoop.org/california-twirl/", "Los Angeles CA", "Fridays", 12, "Larks / Ravens"],
["http://www.caldancecoop.org/events/event/2nd-saturday-contra-dance/", "South Pasadena CA", "Saturdays", 12, ""],
["http://www.caldancecoop.org/events/event/3rd-saturday-contradance-3/", "South Pasadena CA", "Saturdays", 12, ""],
["http://www.caldancecoop.org/events/event/5th-saturday-contradance/", "Pasadena CA", "Saturdays", 3, ""],
["http://santacruzdance.org/", "Santa Cruz CA", "Fridays", 12, ""],
["http://santacruzdance.org/", "Santa Cruz CA", "Sundays", 9, ""],
["http://www.bacds.org/series/contra/berkeley_wed/", "Berkeley CA", "Wednesdays", 27, "Larks / Ravens"],
["http://www.bacds.org/series/contra/san_francisco/", "San Francisco CA", "Fridays and Saturdays", 24, ""],
["http://www.bacds.org/series/contra/palo_alto/", "Palo Alto CA", "Saturdays", 27, ""],
["http://www.bacds.org/series/contra/san_jose/", "San Jose CA", "Sundays", 11, "Larks / Ravens"],
["http://www.bacds.org/series/contra/hayward/", "Hayward CA", "Sundays", 15, "Larks / Ravens"],
["http://www.sbcds.org/contradance/schedule/", "Santa Barbara CA", "Sundays", 32, ""],
["http://www.lcfd.org/sf/circleleft.html", "Oakland CA", "Fridays", 12, "Larks / Ravens"],
["http://www.nbcds.org/", "Petaluma CA", "Sundays", 12, ""],
["http://www.nbcds.org/", "Santa Rosa CA", "Fridays and Saturdays", 15, ""],
["http://www.nbcds.org/", "San Rafael CA", "Saturdays", 12, ""],
["http://montereycdc.webs.com/", "Monterey CA", "Saturdays", 20, ""],
["http://www.foothilldancers.org/", "Nevada City CA", "Saturdays", 12, ""],
["http://www.sactocds.org/", "Sacramento CA", "Fridays and Saturdays", 24, ""],
["http://www.sandiegocontra.org/", "San Diego CA", "Fridays and Saturdays", 27, ""],
["http://www.cccds.org/", "San Luis Obispo CA", "Saturdays", 12, ""],
["http://squaredancer8.wordpress.com/", "Sonora CA", "Saturdays", 12, ""],
["http://www.evobluestein.com/index.php/live-music/community-dance", "Fresno CA", "Saturdays", 12, ""],
["http://contraversial.weebly.com/", "Claremont CA", "Fridays", 8, ""],

["http://www.cfootmad.org/boulder", "Boulder CO", "Fridays", 24, ""],
["http://www.cfootmad.org/denver", "Denver CO", "Fridays", 24, ""],
["http://www.cfootmad.org/zesty", "Denver CO", "Saturdays", 12, ""],
["http://www.cfootmad.org/handsacross", "Denver CO", "Saturdays", 12, "Larks / Ravens"],
["http://www.dancingtheweb.com/coloradocontra/ccovenue.htm#BVST", "Buena Vista CO", "Fridays", 7, ""],
["http://www.fotd.org/", "Fort Collins CO", "Saturdays", 27, ""],
["http://www.dancingtheweb.com/coloradocontra/ccovenue.htm#GLWD", "Glenwood Springs CO", "Saturdays", 8, ""],
["https://www.fifthreelmusicanddance.com/services", "Grand Junction CO", "Saturdays", 7, ""],


["http://www.roundhill.net/", "Stamford CT", "Saturdays", 12, ""],
["http://www.hcdance.org/contra/", "Wethersfield CT", "Saturdays", 12, ""],
["https://newhavencontra.org/", "Branford CT", "Saturdays", 22, ""],
["http://www.sweetheartflute.com/Barn/contra.html", "Enfield CT", "Sundays", 8, ""],
["http://mysticdance.webs.com/", "Mystic CT", "Saturdays", 12, ""],
["http://www.hcdance.org/quiet-corner-contra/", "Coventry CT", "Fridays", 10, ""],
["http://motherhouse.us/family-contra-dance/", "Cornwall CT", "Saturdays", 11, ""],
["https://www.facebook.com/StaffordStomp/", "Stafford CT", "Saturdays", 9, ""],

["http://ardenclub.org/gilds/contradance/", "Arden DE", "Sundays", 10, ""],

["http://dancefl.us/contra/BocaRaton.php", "Boca Raton FL", "Saturdays and Sundays", 24, ""],
["http://www.cocoabeachcontra.org/", "Cocoa Beach FL", "Saturdays", 12, ""],
["http://www.cocoabeachcontra.org/", "Melbourne FL", "Fridays", 12, ""],
["http://godsdance.org/", "Gainesville FL", "Saturdays and Sundays", 27, ""],
["http://www.tallydancer.com/", "Tallahassee FL", "Fridays", 24, ""],
["http://www.tampabaycontra.com/", "Tampa FL", "Fridays and Saturdays", 36, ""],
["http://contradancemiami.com/barnacle.htm", "Coconut Grove FL", "Sundays", 12, ""],
["http://dancefl.us/contra/MelroseContra1.php", "Melrose FL", "Fridays", 12, ""],
["http://JaxContra.org", "Jacksonville FL", "Fridays", 12, ""],

["http://athensfolk.org/", "Athens GA", "Saturdays", 6, ""],
["http://www.contradance.org/html/schedule-fri.php", "Decatur GA", "Fridays", 52, ""],
["http://www.contradance.org/html/schedule-tues.php", "Decatur GA", "Tuesdays", 24, ""],
["http://atgaga.com/", "Gainesville GA", "Saturdays", 22, ""],
["https://www.savannahfolk.org/dance-events/", "Savannah GA", "Saturdays", 10, ""],
["http://www.sauteecontra.com/", "Sautee Nacoochee GA", "Saturdays", 12, ""],


["http://contradancehi.weebly.com/", "Honolulu HI", "Saturdays", 24, ""],


["http://www.cibd.org/whatswhat.html", "Ames IA", "Saturdays", 10, ""],
["http://desmoinescontradance.org", "Des Moines IA", "Saturdays", 6, ""],
["http://www.fairfolk.org/", "Fairfield IA", "Saturdays", 10, ""],

["http://www.palousefolk.org/", "Moscow ID", "Saturdays", 12, ""],
["https://www.facebook.com/boisecontra", "Boise ID", "Saturdays", 8, ""],
["http://www.utahcontra.org/", "Pocatello ID", "Saturdays", 8, ""],


["http://www.chicagobarndance.org/", "Chicago IL", "Mondays", 50, ""],
["https://www.facebook.com/QueerContraChicago/", "Chicago IL", "Saturdays", 10, "Larks / Ravens"],
["http://www.childgrove.org/schedules/regional-dances/elsah", "Elsah IL", "Saturdays", 12, ""],
["http://www.urbana-contra.org/", "Urbana IL", "Fridays", 24, ""],
["http://www.fnal.gov/orgs/folkclub/", "Batavia IL", "Sundays", 10, ""],
["https://www.facebook.com/groups/165256476374/", "Carbondale IL", "Saturdays", 10, ""],


["http://bloomingtoncontra.org", "Bloomington IN", "Wednesdays", 52, ""],
["http://www.contrafortwayne.org/", "Fort Wayne IN", "Saturdays", 10, ""],
["http://www.indycontra.org/", "Indianapolis IN", "Tuesdays", 52, ""],
["http://valpo.chicagobarndance.com/", "Valparaiso IN", "Saturdays", 8, ""],
["http://godancing.org/", "Goshen IN", "Saturdays", 10, ""],
["http://www.sbcontras.org", "South Bend IN", "Fridays or Saturdays", 8, ""],

["http://www.lawrencebarndance.org/calendar.html", "Lawrence KS", "Saturdays", 20, ""],
["https://www.facebook.com/groups/derbybarndance/", "Wichita KS", "Saturdays", 12, ""],


["http://www.bereacontradance.org/schedule.html", "Berea KY", "Fridays and Saturdays", 20, ""],
["http://ltda.ws", "Lexington KY", "Fridays and Saturdays", 30, ""],
["http://www.louisvillecountrydancers.org/", "Louisville KY", "Mondays", 52, ""],
["http://www.louisvillecountrydancers.org/", "Louisville KY", "Saturdays", 12, ""],
["http://cchdm.weebly.com/announcements", "Frankfort KY", "Fridays", 24, ""],
["https://www.facebook.com/pages/Somerset-Contra-Dance/194026780616706", "Somerset KY", "Saturdays", 5, ""],


["http://louisianacontrasandsquares.com/", "Lafayette LA", "Saturdays", 12, ""],
["http://louisianacontrasandsquares.com/", "Baton Rouge LA", "Saturdays", 12, ""],


["http://amherstcontra.org", "Amherst MA", "Wednesdays", 40, "Larks / Ravens"],
["http://www.fiddlersgreencontra.org/", "Amherst MA", "Saturdays", 9, ""],
["http://www.guidingstargrange.org/events", "Greenfield MA", "Fridays and Saturdays", 104, ""],
["http://www.lenoxcontradance.org/", "Lenox MA", "Saturdays", 12, ""],
["http://www.bidadance.org/", "Cambridge MA", "Sundays", 21, "Larks / Ravens"],
["https://www.facebook.com/groups/1311451995547490/about/", "Montague MA", "Saturdays", 12, "Larks / Ravens"],
["https://www.facebook.com/pg/BerlinCountryOrchestra/events/", "Berlin MA", "Saturdays", 8, ""],
["https://capecontraorg.weebly.com/woods-hole.html", "Woods Hole MA", "Saturdays", 12, ""],
["https://capecontraorg.weebly.com/cotuit.html", "Cotuit MA", "Saturdays", 12, ""],
["https://capecontraorg.weebly.com/alchemy-farm.html", "East Falmouth MA", "Saturdays", 12, ""],
["https://capecontraorg.weebly.com/outermost-contra.html", "Wellfleet MA", "Fridays", 12, ""],
["https://capecontraorg.weebly.com/wareham.html", "Onset MA", "Saturdays", 11, ""],
["http://configular.com/dance/carlisle/index.html", "Carlisle MA", "Fridays", 9, ""],
["http://mondaycontras.com/", "Concord MA", "Mondays", 52, ""],
["http://www.neffa.org/Thurs.html", "Concord MA", "Thursdays", 52, ""],
["http://www.lcfd.org/jp/", "Jamaica Plain MA", "Saturdays", 27, "Larks / Ravens"],
["http://roaringjelly.org/", "Lexington MA", "Fridays", 12, ""],
["http://northborocontra.com/", "Northboro MA", "Saturdays", 8, ""],
["http://www.contradancelinks.com/rehoboth.html", "Rehoboth MA", "Fridays", 24, ""],
["http://www.contradancelinks.com/jammers.html", "Rehoboth MA", "Sundays", 12, ""],
["http://sheffieldcontradance.wordpress.com/", "Sheffield MA", "Saturdays", 10, ""],
["http://www.worcesterdance.org/", "Worcester MA", "Saturdays", 9, ""],
["https://westford.org/pca/?page_id=314", "Westford MA", "Saturdays", 7, ""],
["https://www.facebook.com/CapeAnnContraDance/", "Gloucester MA", "Saturdays", 12, ""],

["http://www.contradancers.com/atds/index.html", "Annapolis MD", "Saturdays", 12, ""],
["http://www.bfms.org/squarecontra.php", "Baltimore MD", "Wednesdays", 52, ""],
["http://www.bfms.org/saturdayDance.php", "Baltimore MD", "Saturdays", 12, ""],
["https://www.smtmd.org/dances", "Chaptico MD", "Saturdays", 8, ""],
["http://contradancers.com/mmfac/", "Frederick MD", "Saturdays", 12, ""],
["https://www.fsgw.org/sunday-contra-square-dance", "Glen Echo MD", "Sundays", 52, ""],
["http://fridaynightdance.org/", "Glen Echo MD", "Fridays", 52, ""],
["https://www.facebook.com/ContraSonic/", "Glen Echo MD", "Tuesdays", 6, "Larks / Ravens"],
["https://carpediemarts.org/dance-with-us", "Silver Spring MD", "Thursdays", 12, ""],

["http://bangorcontra.org/", "Bangor ME", "Saturdays", 14, ""],
["http://www.canaanmaine.com/News/6/category/59", "Canaan ME", "Saturdays", 8, ""],
["http://www.belfastflyingshoes.org/", "Belfast ME", "Fridays", 12, ""],
["http://www.starleft.org/dance/", "West Farmington ME", "Saturdays", 8, ""],
["https://contradancetopsham.wordpress.com/", "Topsham ME", "Saturdays", 12, ""],
["https://www.facebook.com/Trenton-Grange-268871813246188/", "Trenton ME", "Saturdays", 12, ""],
["http://portlandintowncontradance.com/", "Portland ME", "Thursdays", 52, "Larks / Ravens"],
["http://www.pamweeks.com/bowdoinham_contradance_series", "Bowdoinham ME", "Saturdays", 8, ""],
["http://freewillfolksociety.weebly.com/", "Lewiston ME", "Fridays", 6, ""],

["https://www.facebook.com/groups/46753138765/", "Holland MI", "Fridays", 9, ""],
["http://aactmad.org/contra/", "Ann Arbor MI", "Saturdays", 36, ""],
["https://www.countrydancinginkalamazoo.com/", "Kalamazoo MI", "Saturdays", 24, ""],
["http://www.octds.org/", "Troy MI", "Saturdays", 12, ""],
["http://www.grfolkarts.org", "Grand Rapids MI", "Fridays", 10, ""],
["http://www.dancetc.com/bayside.htm", "Traverse City MI", "Saturdays", 9, ""],
["http://www.tenpoundfiddle.org/contra-dances/", "Lansing MI", "Saturdays", 9, ""],
["http://www.wheatlandmusic.org/traditional-dances/", "Remus MI", "Saturdays", 9, ""],


["http://www.tapestryfolkdance.org/index.php/tapestry-programs/contra", "Minneapolis MN", "Saturdays", 52, ""],


["http://www.crosscurrentsculture.org/kcbarndance/", "Kansas City MO", "Saturdays", 12, ""],
["https://sites.google.com/site/capecontradance/cape-girardeau-mo-contra-dance", "Cape Girardeau MO", "Saturdays", 20, ""],
["http://www.springfieldcontra.org/when.htm", "Springfield MO", "Saturdays", 20, ""],
["http://www.childgrove.org/schedules/dance-schedule", "Webster Groves MO", "Saturdays and Sundays", 64, ""],
["http://mmtdcolumbia.org/schedule/", "Columbia MO", "Fridays", 27, ""],
["http://childgrove.org/about-dances/calling-party", "Creve Coeur MO", "Wednesdays", 50, ""],
["http://www.jeromegrisanti.com/maryvilledance.htm", "Maryville MO", "Fridays", 15, ""],


["http://bozemanfolklore.org/contradance.schedule.html#CD", "Bozeman MT", "Fridays and Saturdays", 18, ""],
["http://www.missoulafolk.org/dance_calendar.html", "Missoula MT", "Saturdays", 16, ""],
["https://www.facebook.com/HelenaDancing/", "Helena MT", "Saturdays", 8, ""],
["http://www.missoulafolk.org/dance_calendar.html#KALISPELL CONTRA DANCES", "Kalispell MT", "Sundays", 8, ""],


["http://www.charlottedancegypsies.org/", "Charlotte NC", "Mondays", 52, ""],
["https://www.folkschool.org/event.php?event_type_id=2", "Brasstown NC", "Tuesdays", 45, ""],
["http://www.boonecountrydancers.org/", "Boone NC", "Saturdays", 12, ""],
["http://feetretreat.com/", "Greensboro NC", "3rd Saturdays", 12, ""],
["http://feetretreat.com/", "Clemmons NC", "Tuesdays", 52, ""],
["http://www.wilmingtoncontradance.info/", "Wilmington NC", "Tuesdays", 24, ""],
["http://www.tcdancers.org/members/pgm/sched.cgi", "Carrboro NC", "Fridays", 50, ""],
["http://firstsaturdaydance.daviddg.com/", "Carrboro NC", "Saturdays", 12, ""],
["http://oldfarmersball.com/contra-dances/monday-dance/", "Asheville NC", "Mondays", 52, ""],
["http://oldfarmersball.com/contra-dances/thursday-dance/", "Asheville NC", "Thursdays", 52, ""],
["http://www.contradanceswithwolves.org/", "Raleigh NC", "Saturdays", 8, ""],
["http://www.fasgnc.org", "Greenville NC", "Saturdays", 8, ""],


["http://singreadplay.com/OmahaContraDance.html", "Omaha NE", "Saturdays", 12, ""],
["http://www.butchnlucy.com/contradance.html", "Lincoln NE", "Saturdays", 23, ""],


["http://www.monadnockfolk.org/?page_id=63", "Nelson NH", "Mondays", 52, ""],
["http://www.wordworthy2.org/Mill_City_Contra_Dance/", "Manchester NH", "Fridays", 12, ""],
["http://homepage.nhvt.net/dwh/contra.htm", "Concord NH", "Saturdays", 10, ""],
["http://www.monadnockfolk.org/?page_id=30", "Peterborough NH", "Saturdays", 12, ""],
["https://www.facebook.com/Milford-Contra-Dance-920139244691079/", "Milford NH", "Fridays", 12, ""],
["http://seacoastcontra.com/", "Newfields NH", "Fridays", 12, ""],

["http://www.princetoncountrydancers.org/", "Princeton NJ", "Wednesdays", 52, ""],
["http://www.folkproject.org/swtern/swtern.shtml", "East Hanover NJ", "Saturdays", 24, ""],


["http://www.snmmds.org/", "Mesilla NM", "Fridays", 10, ""],
["http://folkmads.org/events/albuquerque-events/", "Albuquerque NM", "Saturdays", 24, ""],
["http://folkmads.org/events/santa-fe-events/", "Santa Fe NM", "Saturdays", 24, ""],


["http://www.lasvegascountrydance.org/contradance.html", "Las Vegas NV", "Saturdays", 15, ""],
["http://sierracontra.org/", "Reno NV", "Saturdays", 10, ""],


["http://www.cdrochester.org/", "Rochester NY", "Thursdays", 52, ""],
["http://www.qccd.org/", "Buffalo NY", "Saturdays", 25, ""],
["http://www.hands4dancers.org/", "Ithaca NY", "Saturdays", 8, ""],
["http://tedcrane.com/TCCD/Schedule.htp", "Ithaca NY", "Fridays", 48, ""],
["http://cdny.org/", "New York NY", "Saturdays", 35, ""],
["http://www.hudsonvalleydance.org/", "Poughkeepsie NY", "Saturdays", 9, ""],
["http://dance.clarityconnect.com/owegocontra.html", "Owego NY", "Sundays", 11, ""],
["http://www.brooklyncontra.org/", "Brooklyn NY", "Fridays", 12, "Leads / Follows"],
["http://syracusecountrydancers.org/", "Fayetteville NY", "Saturdays", 30, ""],
["http://cococontra.org/", "Chatham NY", "Saturdays", 11, ""],
["https://oldsongs.org/dances/", "Voorheesville NY", "Saturdays", 8, ""],
["http://www.villagecontra.org", "New York NY", "Fridays", 12, "Larks / Ravens"],
["http://www.binghamtondance.org/db_management/calendar.php", "Binghamton NY", "Saturdays", 8, ""],
["http://www.stcds.com/", "Olean NY", "Saturdays", 9, ""],
["http://otsegodancesociety.blogspot.com/", "Cooperstown NY", "Fridays", 10, ""],
["http://www.danceflurry.org/show_event.php?&id=1", "Albany NY", "Fridays", 15, ""],
["http://danceflurry.org/show_event.php?&id=37", "Albany NY", "Fridays", 12, ""],
["https://groups.google.com/forum/#!forum/rose-ny-contra-dances", "Rose NY", "Saturdays", 8, ""],
["https://sites.google.com/a/cornell.edu/contradance/future", "Ithaca NY", "Fridays", 10, ""],
["http://www.litma.org/", "Water Mill NY", "Saturdays", 8, ""],
["http://www.litma.org/", "Smithtown NY", "Fridays", 11, ""],
["http://www.fredoniacontra.com/", "Fredonia NY", "Fridays", 9, ""],
["http://danceflurry.org/show_event.php?&id=36", "Clifton Park NY", "Saturdays", 8, ""],


["http://www.cincinnaticontradance.org/", "Cincinnati OH", "Mondays and Saturdays", 60, ""],
["https://www.facebook.com/GFCinci/", "Cincinnati OH", "Tuesdays", 8, "Larks / Ravens"],
["https://sites.google.com/site/athenscontradance/home", "Athens OH", "Saturdays", 8, ""],
["http://www.neohiocontradance.org/", "Welshfield OH", "Saturdays", 10, ""],
["http://www.neohiocontradance.org/", "Cleveland Heights OH", "Saturdays", 20, ""],
["http://www.neohiocontradance.org/", "Greentown OH", "Saturdays", 9, ""],
["http://www.neohiocontradance.org/", "Chagrin Fall OH", "Tuesdays", 12, ""],
["http://www.neohiocontradance.org/", "Peninsula OH", "Saturdays and Thursdays", 33, ""],
["http://www.neohiocontradance.org/", "Lakewood OH", "Saturdays", 11, ""],
["http://www.firstuucolumbus.org/our-community/dancing-events", "Columbus OH", "Fridays", 9, ""],
["http://www.bigscioty.com/index.html", "Columbus OH", "Saturdays", 24, ""],
["https://www.woosterdance.com/contra", "Wooster OH", "Saturdays", 10, ""],
["http://www.oberlin.edu/stuorg/contra/calendar.html", "Oberlin OH", "Fridays", 13, "Larks / Ravens"],


["https://www.facebook.com/groups/acontraaffair/", "Stillwater OK", "Fridays", 8, "Larks / Ravens"],
["http://scissortail.org/where-we-dance/oklahoma-city/", "Oklahoma City OK", "Saturdays", 24, ""],
["https://www.facebook.com/groups/TulsaContraDance", "Tulsa OK", "Saturdays", 10, ""],
["http://scissortail.org/where-we-dance/norman/", "Norman OK", "Fridays", 10, ""],


["http://socontra.org/", "Ashland OR", "Saturdays", 9, ""],
["http://corvallisfolklore.org/home/contradancing/", "Corvallis OR", "Saturdays", 20, ""],
["http://portlandcountrydance.org/portland-country-dance-community-contradance-info/", "Portland OR", "Saturdays", 50, ""],
["http://joyride.erikweberg.com/first-wednesdays/", "Portland OR", "Wednesdays", 10, ""],
["http://eugenefolklore.org/", "Eugene OR", "Saturdays", 20, ""],
["http://www.bendcontradance.org/", "Bend OR", "Saturdays", 10, ""],
["http://southcoastfolksociety.wordpress.com/contra-dance/", "Coos Bay OR", "Saturdays", 10, ""],
["http://neofs.us/", "La Grande OR", "Tuesdays", 15, ""],
["http://contraremix.com/", "Portland OR", "Sundays", 12, "Larks / Ravens"],


["http://toppish.com/Beta/Toppish_Calendar.html", "Meadville PA", "Wednesdays", 32, ""],
["http://www.thursdaycontra.com/", "Mt. Airy PA", "Thursdays", 52, ""],
["http://pittsburghcontra.org/", "Pittsburgh PA", "Fridays", 40, ""],
["https://sites.google.com/site/cpcdapublic/home", "State College PA", "Fridays", 9, ""],
["http://www.thursdaycontra.com/ThirdSaturday.html", "Mt. Airy PA", "Saturdays", 9, ""],
["http://www.lancastercontra.org/", "Lancaster PA", "Saturdays", 10, ""],
["http://harrisburgcontra.weebly.com/", "Harrisburg PA", "Fridays", 25, ""],
["http://www.valleycontradance.org/", "Bethlehem PA", "Saturdays", 27, ""],
["http://birdsborocontra.org/", "Birdsboro PA", "Saturdays", 10, ""],


["https://sandywoods.org/concerts/", "Tiverton RI", "Wednesdays", 12, ""],
["https://www.facebook.com/ProvidenceCommunityDance/", "Providence RI", "Fridays", 12, "Larks / Ravens"],
["http://elwood70.wixsite.com/eastbaycontra", "Warren RI", "Fridays", 8, "Larks / Ravens"],


["http://charlestonfolk.weebly.com/", "Charleston SC", "Fridays", 24, ""],
["http://www.contracola.org/", "Columbia SC", "Saturdays", 10, ""],
["http://www.harvestmoonfolk.org/", "Taylors SC", "Fridays and Saturdays", 40, ""],


["https://www.knoxvillecontra.org/", "Knoxville TN", "Mondays", 52, ""],
["http://www.nashvillecountrydancers.org/", "Nashville TN", "Fridays", 52, ""],
["http://memphiscontra.webs.com/", "Memphis TN", "Fridays", 27, ""],
["http://contranooga.weebly.com/", "Chattanooga TN", "Saturdays", 18, ""],
["http://www.historicjonesboroughdancesociety.com/site/calendar/", "Jonesborough TN", "Saturdays", 27, ""],


["http://austinbarndancers.org/index.shtml", "Austin TX", "Wednesdays", 52, ""],
["http://www.taada.us/", "Austin TX", "Saturdays", 12, ""],
["http://www.nttds.org/", "Dallas TX", "Saturdays", 15, ""],
["http://www.nttds.org/", "Irving TX", "Saturdays", 12, ""],
["http://www.nttds.org/", "Carrollton TX", "Saturdays", 12, ""],
["http://www.hatds.org/", "Houston TX", "Saturdays", 24, ""],
["https://www.satxcontra.org", "San Antonio TX", "Saturdays", 12, ""],
["https://sites.google.com/site/smcdtx/", "San Marcos TX", "Saturdays", 12, ""],
["http://www.bcscontra.org/", "College Station TX", "Saturdays", 12, ""],

["http://www.utahcontra.org/", "Salt Lake City UT", "Saturdays", 9, ""],
["http://www.utahcontra.org/", "Moab UT", "Saturdays", 12, ""],
["http://www.wasatchcontras.org/home.html", "Salt Lake City UT", "Saturdays", 12, ""],
["http://www.bridgerfolk.org/contra.html", "Logan UT", "Saturdays", 9, ""],


["https://contracorners.com/harrisonburg", "Harrisonburg VA", "Mondays", 24, ""],
["https://contracorners.com/charlottesville", "Charlottesville VA", "Fridays", 24, ""],
["https://contracorners.com/greenwood", "Greenwood VA", "Sundays", 18, ""],
["https://contracorners.com/clubcontra", "Harrisonburg VA", "Mondays", 10, ""],
["https://contracorners.com/dayton", "Dayton VA", "Saturdays", 7, ""],
["https://tadamsva.org/", "Richmond VA", "Saturdays", 20, ""],
["http://blacksburgcontradance.com/contradance.html", "Blacksburg VA", "Saturdays", 12, ""],
["https://gobblerconnect.vt.edu/organization/contrafolk", "Blacksburg VA", "Fridays", 6, "Larks / Ravens"],
["http://www.floydcontradance.org/", "Floyd VA", "Saturdays", 9, ""],
["http://hrtraditionaldance.webs.com/contradance.htm", "Norfolk VA", "Saturdays", 12, ""],
["https://sites.google.com/site/roanokecontradancers/", "Roanoke VA", "Saturdays", 12, ""],
["http://www.bluemont.org/Dances/dances_intro.html", "Hillsboro VA", "Saturdays", 8, ""],
["https://www.facebook.com/groups/150778141623980/", "Williamsburg VA", "Saturdays", 10, ""],
["https://www.facebook.com/ContraFolkVT/", "Blacksburg VA", "Wednesdays", 6, "Larks / Ravens"],


["https://www.facebook.com/BrattleboroContra/", "Brattleboro VT", "Tuesdays", 12, ""],
["http://www.queencitycontras.org/", "Burlington VT", "2nd Fridays", 12, ""],
["http://www.madrobincallers.org/our-dance/", "Burlington VT", "4th Fridays", 12, ""],
["http://capitalcitygrange.org/dancing/contradancing/", "Montpelier VT", "Saturdays", 27, ""],
["https://www.facebook.com/CornwallContraDance", "Cornwall VT", "Saturdays", 8, ""],
["http://tinmouthcontradance.org/", "Tinmouth VT", "Fridays", 9, ""],

["http://www.contra-van-wa.org/", "Vancouver WA", "Fridays", 12, ""],
["https://www.facebook.com/pages/San-Juan-Islands-Contra-Dance/275816592483130", "Friday Harbor WA", "Saturdays", 8, ""],
["http://spokanefolklore.org/contra.html", "Spokane WA", "Wednesdays", 40, ""],
["http://seattledance.org/contra/lakecity", "Seattle WA", "Thursdays", 52, ""],
["http://seattledance.org/contra/emeraldcity", "Seattle WA", "Fridays", 52, ""],
["http://seattledance.org/contra/darrington", "Darrington WA", "Saturdays", 7, ""],
["http://accontradanceyakima.wix.com/accd", "Yakima WA", "Saturdays", 10, ""],
["http://www.ptcommunitydance.com/p/bands-and-callers-schedule.html", "Port Townsend WA", "Saturdays", 9, ""],
["http://www.tacomacontradance.org/", "Tacoma WA", "Saturdays", 10, ""],
["http://fam.bmi.net/fsch1.html", "Walla Walla WA", "Saturdays", 12, ""],
["http://bellinghamcountrydance.org/", "Bellingham WA", "Saturdays", 23, ""],
["http://www.3rfs.org/contra.htm", "Kennewick WA", "Saturdays", 8, ""],
["http://www.olympiadance.org/", "Olympia WA", "Saturdays", 28, ""],
["http://www.fairpoint.net/~eburgcontradance/", "Ellensburg WA", "Saturdays", 6, ""],
["http://www.blackdiamonddance.org/", "Port Angeles WA", "Saturdays", 12, ""],
["https://folkhorizons.weebly.com/kirkland-dance.html", "Kirkland WA", "Saturdays", 8, ""],


["https://www.madisoncontra.org/", "Madison WI", "Tuesdays", 52, ""],
["https://www.madisoncontra.org/", "Madison WI", "Fridays and Saturdays", 12, ""],
["http://www.riverfallscab.org/communitybarndances.php", "River Falls WI", "Saturdays", 6, ""],
["http://www.delafieldcontra.com/", "Pewaukee WI", "Saturdays", 10, ""],

["http://smad.us/dance/", "Shepherdstown WV", "Saturdays", 9, ""],
["http://footmad-contradance.weebly.com/", "Charleston WV", "Saturdays", 9, ""],
["http://morgantowndance.com/", "Morgantown WV", "Saturdays", 9, ""],

["https://www.facebook.com/EdinburghContra/", "Edinburgh Scotland", "Saturdays", 12, "Larks / Ravens"],

["https://www.facebook.com/HalifaxContraDances/", "Halifax Canada", "Saturdays", 12, "Larks / Ravens"],
["https://www.facebook.com/groups/422944181102487/", "Calgary Canada", "Saturdays", 12, ""],
["http://www.drumlincontradances.ca/", "Fergus Canada", "Fridays", 12, ""],
["https://www.facebook.com/HamiltonFridayContradance/", "Hamilton Canada", "Fridays", 12, ""],
["http://www.ottawacontra.ca/", "Ottawa Canada", "Saturdays and Tuesdays", 36, ""],
["http://www.contramontreal.org/", "Montreal Canada", "Saturdays and Sundays", 24, ""],
["http://fiddlefern.ca/fiddlefern-monthly-dances/", "Owen Sound Canada", "Saturdays", 10, ""],
["http://www.tcdance.org/", "Toronto Canada", "Saturdays", 23, "Larks / Ravens"],
["http://www.vcn.bc.ca/vcountry/", "Vancouver Canada", "Saturdays", 24, ""]
]
