	name	caller1	caller2	caller3	caller4	caller5	caller6	band1	band2	band3	band4	band5	band6	roles	start date	end date	location	url	complete
1	Dancing Fish: January	Mary Wesley						Stomp Rocket							1/2/2026	1/3/2026	Melrose FL	https://dancingfish.dance/	TRUE
1	Chambana Jan Jam	Annie Kidwell	Gail Hintze					Countercurrent	Meadowhawk					Larks / Robins	1/9/2026	1/11/2026	Urbana IL	http://www.urbana-contra.org/jan_jam.html	TRUE
1	Fiddler's Dream	Open Calling						Open Band							1/1/2026	1/4/2026	Kingston OK	https://www.nttds.org/fdream/home.html	TRUE
1	Ralph Page Dance Legacy Weekend	Nils Fredland	Penn Fix					George Wilson	Selma Kaplan	Anna Patton	Naomi Morse	Owen Morrison			1/9/2026	1/10/2026	Worcester MA	https://www.neffa.org/annual-ralph-page-dance-event/	TRUE
1	Contra Carnivale	Jacqui Grennan	Jean Gorrindo	Michael Karcher				Red Case Band	Topspin	Dam Beavers				Larks / Robins	1/16/2026	1/18/2026	San Luis Obispo CA	https://contracarnivale.org/	TRUE
1	Contra Swing Shift Weekend	Katie Zanders						Hot Coffee Breakdown						Gents / Ladies	1/23/2026	1/24/2026	Berea KY	https://www.swingshift.ltda.us/	TRUE
1	Florida Snow Ball	Michael Karcher	Lisa Greenleaf					Turnip the Beet	Red Case Band						1/23/2026	1/25/2026	Gulfport FL	http://floridasnowball.tampabaycontra.com/	TRUE
1	Peterbough Snow Ball	Liz Nelson	Nils Fredland	Lyss Adkins	Steve Zakon-Anderson			Anna and the Alphabet	Riptide	Springtide	The Dam Beavers			Larks / Robins	1/24/2026	1/24/2026	Peterborough NH	https://www.monadnockfolk.org/event/%e2%98%bc-%e2%98%bc-%e2%98%bc-peterborough-snow-ball-2026/	TRUE
1	Stellar Days and Nights	David Millstone	Wendy Graham					Stomp Rocket	Idlewild						1/16/2026	1/19/2026	Buena Vista CO	https://rockymountainranchdance.com	TRUE
2	IVFDF													Larks / Robins	2/27/2026	3/1/2026	York UK	https://ivfdf2026.org.uk/	FALSE
1	Wintergreen	Lindsey Dono	Christa Torrens					Wake Up Robin	Hypergolic						1/23/2026	1/25/2026	Bozeman MT	https://bozemanfolklore.org/wintergreen-2026/	TRUE
1	Chattaboogie	Elijah Jaime	Terry Doyle					Turnip the Beet w/ Christie Burns	Evan Snoey and Alex Wilder						1/9/2026	1/11/2026	Chattanooga TN	https://contranooga.dance	TRUE
2	Fiddling Frog Dance Festival	Frannie Marr	Cis Hinkle					Playing with Fyre	Eloise &co					Larks / Robins	2/27/2026	3/1/2026	Pasadena CA	https://www.sccdc.org/special-events/fiddling-frog/	TRUE
2	Phoenix Winter Frolic	Susan Petrick						Dam Beavers							1/9/2026	1/10/2026	Chandler AZ	https://phxtmd.org/winter-frolic-2026	TRUE
2	Supersonic	Seth Tepfer	Lindsey Dono					Root System	Faux Paws						2/6/2026	2/8/2026	Seattle WA	https://supersoniccontra.dance	TRUE
2	Dancing Fish: February	Hannah Chamberlain						Larry Unger, Emily Troll, & Eric Boodman							2/6/2026	2/7/2026	Melrose FL	https://dancingfish.dance/	TRUE
2	Tropical Dance Vacation: St Croix	Lisa Greenleaf	George Marshall					Wild Asparagus							2/4/2026	2/11/2026	St Croix	https://www.tropicaldancevacation.com/contra-week.html	TRUE
2	Corvallis Contra Dance Weekend	Gaye Fifer	Jeremy Korr					Wake Up Robin	The Orb Weavers					Larks / Robins	2/13/2026	2/15/2026	Corvallis OR	https://corvallisfolklore.org/home/ccw/	TRUE
2	Cabin Fever	Chris Page	Local Callers					Starling	Contraforce						2/13/2026	2/15/2026	Knoxville TN	https://www.knoxvillecontra.org/cfschedule	TRUE
2	Dance Flurry Festival	Lyss Adkins	Ben Sachs-Hamilton	Will Mentor	Lindsey Dono	Lisa Greenleaf		Red Case Band	The Mean Lids	Spare Parts	Stove Dragon	Northwoods			2/13/2026	2/15/2026	Saratoga Springs NY	http://www.flurryfestival.org/	TRUE
2	Bayou Bedlam	Cis Hinkle						Eloise &co							2/20/2026	2/22/2026	Houston TX	http://www.bayoubedlam.org/	TRUE
2	Fiddling Frog Dance Festival	Susan Petrick	Lindsey Dono					Syncopaths	River Road					Larks / Robins	2/21/2025	2/23/2025	Pasadena CA	https://www.caldancecoop.org/special-events/fiddling-frog/	TRUE
2	Corvallis Contra Weekend	Gaye Fifer	Jeremy Korr					Wake Up Robin	Orb Weavers					Larks / Robins	2/13/2026	2/15/2026	Corvallis OR	https://corvallisfolklore.org/home/ccw/	TRUE
2	Galhalla	Callie Allison	Sarah Kaiser					Resurrection Marys	Galholler					Larks / Robins	2/20/2026	2/22/2026	St Louis MO	https://www.shedances.org/galhalla	TRUE
3	Dancing Fish: March	Will Mentor						Jet Bridge							3/6/2026	3/7/2026	Melrose FL	https://dancingfish.dance/	TRUE
3	Lava Meltdown	Christine Merryman						Drive Train							2/27/2026	3/1/2026	Lava Hot Springs ID	https://www.lavameltdown.com/	TRUE
3	Carolina Meltdown	Lisa Greenleaf	Cis Hinkle					Engine Room	Dam Beavers						3/20/2026	3/22/2026	Lake Wylie SC	https://www.charlottecontradance.org/carolina-meltdown	TRUE
3	Pigtown Fling	Wendy Graham Settle	Will Mentor					Kingfisher	Dam Beavers						3/27/2026	3/29/2026	Cincinattia OH	https://contradances.net/reg/ccd/2026	TRUE
3	DownEast Country Dance Festival														3/27/2026	3/28/2026	Topsham ME	http://www.deffa.org/festival/	FALSE
3	Spring Breakdown Dance Weekend	Wendy Graham						Big Brandy							3/20/2026	3/22/2026	Columbia MO	https://mmtd.wordpress.com/2026-spring-breakdown/	TRUE
3	Beantown Stomp	Mary Wesley	Isaac Banner					Root System	Faux Paws					Larks / Robins	3/13/2026	3/15/2026	Cambridge MA	https://www.beantownstomp.com	TRUE
3	Celebration!							Playing with Fyre	Playing with Lava	Ed, Tami, and the Dust Clouds					3/14/2026	3/14/2026	Decatur GA	https://www.contradance.org/celebration/	FALSE
3	Spring @ Sautee							Contraforce	Playing with Fyre						3/27/2026	3/29/2026	Sautee Nacoochee GA	https://sauteenacoocheecenter.org/event/spring-at-sautee-contra-dance-weekend-2/	TRUE
3	Hash Dance Weekend	River Rainbowface	Qwill Duvall					Eloise &co	Northwoods					Larks / Robins	3/28/2026	3/29/2026	Glen Echo MD	https://fsgw.org/hashtag-dance-weekend	TRUE
3	Palmetto Bug Stomp	Seth Tepfer	JJ Luxe					Notorious	Contraforce						2/27/2026	3/1/2026	Charleston SC	http://charlestonfolk.weebly.com/palmetto-bug-stomp.html	TRUE
4	Contra Camp	Louise Siddons						WillPower	Linda Game					Larks / Robins	4/10/2026	4/12/2026	Halsway UK	https://www.halswaymanor.org.uk/event/contra-camp-2026	TRUE
4	Dancing Fish: Wild Asparagus	George Marshall						Wild Asparagus							4/17/2026	4/19/2026	Melrose FL	https://dancingfish.dance/event/wild-asparagus-weekend-2026/	TRUE
4	Epicenter dance weekend	Gaye Fifer	Liz Nelson					Notorious	Syncopaths					Larks / Robins	3/27/2026	3/29/2026	Mill Valley CA	https://nbcds.org/epicenter-2026/	TRUE
4	SF Bay Queer Contra Dance Camp	Jeremy Korr	Koren Wake					Alex and Audrey	Forgery					Larks / Robins	4/10/2026	4/12/2026	Aptos CA	https://www.queercontradance.org/queercamp.html	TRUE
4	Call of the Loon Dance Weekend	Gaye Fifer	Beau Farmer					Toss the Possum	Toot, Squeeze & Co.						4/10/2026	4/12/2026	Minneapolis MN	https://www.tapestryfolkdance.org/call-of-the-loon	TRUE
4	Springforth Ball	George Marshall						Wild Asparagus						Larks / Robins	4/10/2026	4/12/2026	Richmond VA	https://tadamsva.org/springforth-ball-2026/	TRUE
4	NEFFA													Larks / Robins	4/24/2026	4/26/2026	Marlborough MA	https://www.neffa.org/	FALSE
	continued																		FALSE
	continued																		FALSE
	continued																		FALSE
4	Fiddlehead Frolic							Ice Cream Truckers							4/25/2026	4/25/2026	Ithaca NY	https://www.hands4dancers.org/upcoming-dances/2026/4/25/fiddlehead-frolic	FALSE
4	Hands Four Spring Dance Weekend	Terry Doyle	Kenny Greer					Drive Train							4/24/2026	4/26/2026	Berea KY	https://www.hands4-berea.com/	TRUE
4	Bonjour-Hey	Bev Bernbaum	Luke Donforth					Genticorum	Dawn Chorus					Larks / Robins	4/17/2026	4/19/2026	Montreal QC	https://www.contramontreal.org/en/bonjour-hey	TRUE
4	Dandelion Romp	Will Mentor	River Abel					Countercurrent	Dam Beavers					Larks / Robins	4/17/2026	4/19/2026	Oberlin OH	https://www.dandelionromp.com	TRUE
4	Trillium Twirl	Bob Isaacs						Toss the Possum							4/24/2026	4/26/2026	Dowling MI	https://michigandanceheritage.org/trilliumtwirl/	TRUE
4	Portland Raindance Weekend	Alex Deis-Lauby	Lisa Greenleaf					Stove Dragon	Stringrays						4/24/2026	4/26/2026	Portland OR	http://www.portlandraindance.org/	TRUE
4	When in Doubt Swing																Dallas TX	https://www.nttds.org/wids2025/home.html	FALSE
5	Spring Thaw Weekend														5/8/2026	5/9/2026	Toronto ON	https://tcdance.org/thaw2026.php	FALSE
5	Apple Blossom Bliss	Gaye Fifer	Sam Smith					Stringrays	Big Fun					Larks / Robins	5/8/2026	5/10/2026	Ann Arbor MI	https://aactmad.org/appleblossombliss	TRUE
5	May Heydays at Evesham	Geoff Cubitt	Louise Siddons	Mark Elvins				Bearded Dragons	Contra Sutra						5/1/2026	5/4/2026	Evesham UK	http://mayheydays.org.uk/	TRUE
5	Dancing Fish: May							Lift Ticket							5/1/2026	5/2/2026	Melrose FL	https://dancingfish.dance/	FALSE
5	Whitewater Whirl	Darlene Underwood	Bob Isaacs					Hot Coffee Breakdown	The Hollertones					Larks / Robins	5/1/2026	5/3/2026	Fayetteville WV	https://www.footmad.org/whirl	TRUE
5	Cascade Contras Dance Camp	Frannie Marr	Michael Karcher					Potato Factory	Fiddle Hellions					Larks / Robins	5/8/2026	5/10/2026	Springfield OR	https://eugenefolklore.org/cascade-contras-2025/	TRUE
5	Lake Eden Arts Festival - Spring																Black Mountain NC	https://theleaf.org/	FALSE
5	Meet Me in St Louis Dance Weekend	Sarah Kaiser	Open Calling					Playing with Fyre	The Arcotones						5/22/2026	5/25/2026	Webster Groves MO	https://childgrove.org/mmisl	TRUE
5	FolkMADness Music & Dance Camp	Susan Michaels	Isaac Banner					Good Company	Unnamed	Idlewild					5/22/2026	5/25/2026	Soccoro NM	http://folkmads.org/events/camps/folkmadness/	TRUE
5	Dancing Bear Dance Camp	Lisa Greenleaf	Michael Karcher					Supertrad	Steam Machine						5/22/2026	5/25/2026	Wasilla AK	https://www.thedancingbears.org/dance-camp	TRUE
5	Spring Dance Romance	Janine Smith	Mary Wesley	Gaye Fifer				Potato Factory	Spintuition	Karen Axelrod & Molly Tucker				Larks / Robins	4/24/2026	4/26/2026	Carrboro NC	https://tcdancers.org/sdr	TRUE
5	Northwest Folklife														5/23/2026	5/26/2026	Seattle WA	https://nwfolklife.org/festival/home.html	FALSE
5	Moulin d’Andé Weekend													Hommes/Femmes			Moulin d'Ande, Normandy, France	https://sites.google.com/site/americancontradanceinparis/	FALSE
5	Butterfly Whirl	Cis Hinkle	Emily Rush					Little Mercies	Root System					Larks/Robins	5/22/2026	5/24/2026	Decatur GA	http://www.dancerhapsody.com/special-events/	TRUE
5	Camp Sturtevant													Larks / Robins			Arcadia CA	https://www.sccdc.org/special-events/camp-sturtevant/	FALSE
5	Chain Reaction	Liz Nelson	Alex Deis-Lauby					The Faux Paws	Gus & Pepin					Larks/Robins	5/29/2026	5/31/2026	Surry ME	https://www.tickettailor.com/events/chainreactiondance/1998112	TRUE
6	Summer Soiree	Will Mentor	Jacqui Grennan	Emily Rush				The Engine Room	Stove Dragon	Rushfest					6/12/2026	6/14/2026	Asheville NC	https://www.ashevillecontra.com/	FALSE
6	Stegastomp	Charlie Turner	Sam Tetley Smith					Contrasaurus						Larks/Robins	7/3/2026	7/5/2026	Harbury UK	https://www.stegastomp.co.uk/	TRUE
6	Dance Trance Weekend														6/5/2026	6/7/2026	Lexington KY	https://www.dancetrance.ltda.us/	FALSE
6	Dancing Fish: June	Seth Tepfer						Potent Brew							6/5/2026	6/7/2026	Melrose FL	https://dancingfish.dance/	TRUE
6	Gender-Free Dance Camp (Spring)													Larks / Robins	6/12/2026	6/14/2026	Plymouth MA	https://www.lcfd.org/lcfd-camps.html	FALSE
6	Flamingo Fling Weekend	Adina Gordon						Steam Packet							6/12/2026	6/14/2026	Oklahoma City OK	http://scissortail.org/special-events/flamingo-fling/	TRUE
6	Swing into Summer													Larks / Robins	6/19/2026	6/21/2026	Plymouth MA	http://www.swingintosummer.org/	FALSE
6	Lady of the Lake June Week	Lisa Greenleaf	Maia McCormick					Contra Sutra	Countercurrent					Larks / Robins	6/21/2026	6/27/2026	Harrison, ID	http://www.ladyofthelake.org/june-week/	TRUE
6	Old Songs Festival	George Marshall	Alex Deis-Lauby					Wild Asparagus							6/26/2026	6/28/2026	Voorheesville NY	http://festival.oldsongs.org/	TRUE
6	BACDS Family Week														6/21/2026	6/27/2026	Aptos CA	https://www.bacds.org/familyweek/	FALSE
6	Dance, Music & Spice at Cavell	Gaye Fifer						Supertrad							6/13/2026	6/20/2026	Lexington MI	https://camp.cdss.org/camp-weeks/dance-music-spice-at-cavell/	FALSE
6	Taste of Haven																Syracuse IN	https://www.contracorners.net/event-type/dance-weekend/	FALSE
7	AmWeek	Jacqui Grennan	Michael Karcher					The Syncopaths	Lissa Schneckenburger Band						6/28/2026	7/3/2026	Ben Lomond CA	https://amweek.camp/	TRUE
7	Dancing Fish: July																Melrose FL	https://dancingfish.dance/	FALSE
7	Cumberland Dance Week														6/28/2026	7/3/2026	Pleasantville TN	https://camp.cumberlanddanceweek.org/	FALSE
7	July Fourth at Pinewoods													Larks / Robins	7/2/2026	7/6/2026	Plymouth MA	https://cds-boston-j4weekend.weebly.com/	FALSE
7	Pinewoods English-Scottish-Contra													Larks / Robins	7/6/2026	7/10/2026	Plymouth MA	https://rscdsboston.org/pinewoods-esc.html	FALSE
7	Roanoke Railroader	Bob Isaacs	Janine Smith	Terry Doyle				Toss the Possum							7/2/2026	7/5/2026	Salem VA	http://www.roanokerailroader.com/	FALSE
7	River Rendezvous	Seth Tepfer	Devin Pohly	Carol Kopp				Toss the Possum	Hot Coffee Breakdown						7/17/2026	7/19/2026	Coshocton OH	http://www.riverrendezvous.com/	TRUE
7	Ashokan Northern Week	Will Mentor						Andromeda	Pine Tree Flyers						7/19/2026	7/25/2026	Olivebridge NY	https://ashokancenter.org/product/northern-week-2026/	TRUE
7	American Dance & Music Week at Pinewoods	Lisa Greenleaf	Will Mentor	Janine Smith				Good Time Old Time	The Engine Room						7/17/2026	7/23/2026	Plymouth MA	https://camp.cdss.org/camp-weeks/american-dance-music-week-2/	TRUE
7	Harmony of Song & Dance at Pinewoods														8/8/2026	8/13/2026	Plymouth MA	https://camp.cdss.org/camp-weeks/harmony-of-song-dance-at-pinewoods/	FALSE
8	Contradancers Delight Holiday (Spring)													Ladies/Gents	7/31/2026	8/7/2026	Mountain City TN	https://www.contradancersdelight.com/	FALSE
8	Sugar Hill Dance Weekend	Open Calling						Open Band							8/28/2026	8/30/2026	Bloomington IN	http://bloomingtoncontra.org/sugar-hill/	FALSE
8	Family Week at Agassiz Village	Alex Deis-Lauby	Gaye Fifer												8/8/2026	8/14/2026	Poland ME	https://camp.cdss.org/camp-weeks/family-week-at-agassiz-village-2/	TRUE
8	Cascade of Music & Dance at Louise	Mary Wesley						Stomp Rocket							8/17/2026	8/23/2026	Cascade MD	https://camp.cdss.org/camp-weeks/cascade-of-music-dance-at-louise/	TRUE
8	Campers’ Week at Pinewoods														8/1/2026	8/8/2026	Plymouth MA	https://camp.cdss.org/camp-weeks/campers-week-at-pinewoods/	FALSE
8	Falcon Ridge Folk Festival																Goshen CT	http://falconridgefolk.com/	FALSE
8	Good Life Gallup																Omaha NE	https://www.thegoodlifegallop.org/	FALSE
8	Mentone							Kingfisher							8/14/2026	8/16/2026	Mentone AL	http://www.footmadbirmingham.org/mentone.html	FALSE
8	Balance the Bay														8/14/2026	8/16/2026	San Francisco CA	https://www.bacds.org/camps/btb2025/	FALSE
8	TradMaD														8/29/2026	9/4/2026	Plymouth MA	http://minstrelrecords.com/tradmad/	FALSE
9	Dancing Fish: Labor Day																Melrose FL	https://dancingfish.dance/	FALSE
9	Contravana																Rochester NY	https://cdrochester.org/	FALSE
9	Rocky Mountain Rendezvous																Boulder CO	https://cfootmad.org/rendezvous	FALSE
9	Dance Camp North																Fairbanks AK	https://contraborealis.org/dance-camp-north/	FALSE
9	Feet Retreat																Ellerbe NC	https://www.feetretreat.com/feet-retreat-2025/	FALSE
9	Bear Hug Dance Camp							Unstrung String Band							9/11/2026	9/13/2026	Rollins MT	https://www.missoulafolk.org/bearhug	FALSE
9	Squirrel Moon Contra Dance weekend	Will Mentor						Alex and Audrey							9/18/2026	9/20/2026	Dodgeville WI	http://www.squirrelmoon.org/	TRUE
9	Echo Summit																Camp Sacremento	https://sactocds.wordpress.com/special-events/echo-summit-dance-camp-2025	FALSE
9	Pinewoods Labor Day Weekend														9/4/2026	9/8/2026	Plymouth MA	https://facone.org/labor-day-weekend/labor-day-weekend.html	FALSE
9	Chehalis Dance Weekend	Cis Hinkle	Angela DeCarlis					Raven & Goose							10/23/2026	10/25/2026	Surrey BC	https://chehalisdancecamp.com/	FALSE
9	Youth Dance Weekend													Larks / Robins			Weston VT	http://youthdanceweekend.org/	FALSE
9	Adirondack Dance Weekend														5/8/2026	5/10/2026	Silver Bay NY	https://www.danceflurry.org/adirondack-dance-weekend/	FALSE
9	Butterfly Twirl	Emily Rush	Michael Hamilton	Gaye Fifer	Carol Kopp			Hot Coffee Breakdown	The Dam Beavers						9/11/2026	9/13/2026	Chagrin Falls OH	https://www.clevelandbutterflytwirl.org/	TRUE
9	Balance The Star Dance Weekend																Berea KY	https://www.berea-folk-circle.org/fall-mountain-folk-festival	FALSE
9	Mt. Nebo Dance Weekend														9/18/2026	9/20/2026	Mount Nebo State Park AR	https://www.arkansascountrydance.org/mtnebo	FALSE
10	Moondance Dance Weekend							Playing with Fyre									Pickens SC	https://moondancesc.weebly.com/	FALSE
10	Dancing Fish: October																Melrose FL	https://dancingfish.dance/	FALSE
10	ContraStock													Larks / Robins	9/19/2026	9/19/2026	Glen Echo MD	https://fsgw.org/contrastock	FALSE
10	Wasatch Wiggle																Salt Lake City UT	https://wasatchcontras.org/ww/	FALSE
10	Lady of the Lake Fall Camp	Lindsey Dono	Jeremy Korr					The Dam Beavers	The Baby Corns						10/2/2026	10/4/2026	Harrison, ID	http://www.ladyofthelake.org/fallwend/	TRUE
10	Harvest Moon Dance Festival	Jacqui Grennan	Frannie Marr					Stomp Rocket	The Syncopaths						10/9/2026	10/11/2026	Santa Barbara CA	http://www.sbcds.org/hm/	TRUE
10	Gender-Free Dance Camp (Fall)																Olivebridge NY	https://www.lcfd.org/lcfd/	FALSE
10	Phylla Mae Fall Fest																Fayetteville NY	https://syracusecountrydancers.org/special-events/phylla-mae-fall-fest/	FALSE
10	Peterbough Fall Ball																Peterborough NH	https://www.monadnockfolk.org/event/%E2%98%BC-%E2%98%BC-%E2%98%BC-peterborough-fall-ball-saturday-october-25-2025/	FALSE
10	On To The Next																Milwaukie OR	https://ontothenext.pdxcontra.org/	FALSE
10	Lake Eden Arts Festival - Fall																Black Mountain NC	https://theleaf.org/	FALSE
10	Music City Masquerade	Luke Donforth						Countercurrent							10/23/2026	10/25/2026	Nashville TN	http://nashvillecountrydancers.org/music-city-masquerade/	TRUE
10	Fire Ant Frolic																Austin TX	http://www.fireantfrolic.org/	FALSE
10	Contra NYC																New York NY	https://www.contradance.nyc/	FALSE
10	Mountain Madness																Jonesborough TN	https://historicjonesboroughdancesociety.net	FALSE
10	John C Campbell Fall Dance Weekend																Brasstown NC	https://folkschool.configio.com/pd/3332/fall-dance-weekend-long-weekend	FALSE
10	Queer Contra Dance Camp Roadtrip: Vashon																Vashon WA	https://queercontradance.org/queercamproadtrip.html	FALSE
11	Foggy Moon Dance Weekend	Lisa Greenleaf	Alex Deis-Lauby					Topspin							11/6/2026	11/8/2026	Monterey CA	http://montereycontradance.org/foggy-moon.html	FALSE
11	Hey Fever Dance Weekend																Ottawa ON	http://www.ottawacontra.ca/heyFever/	FALSE
11	Dance in the Desert																Oracle AZ	https://tucsoncontradancers.org/tucson-contra-dancers/dance-in-the-desert-2025/	FALSE
11	Pittsburgh Fall Dance Weekend													Larks / Robins			Pittsburgh PA	http://pittsburghcontra.org/fdw/	FALSE
11	Head for the Hills Dance Weekend																Kresgeville PA	http://www.princetoncountrydancers.org/about-hfth	FALSE
11	Rose City Dance-a-Rama																Portland OR	https://www.dancearama.org/	FALSE
11	Atlanta Dance Weekend	Luke Donforth	Cis Hinkle					Cosmic Weather	River Road						11/13/2026	11/15/2026	Atlanta GA	https://www.contradance.org/atlanta-dance-weekend/	TRUE
11	Fleur-de-Lis Fling														11/20/2026	11/22/2026	Louisville KY	http://www.louisvillecountrydancers.org/fleur-de-lis-fling	FALSE
11	ContraCopia																Philadelphia PA	http://www.thursdaycontra.com/contracopia/	FALSE
11	Breaking Up Thanksgiving																Evanston IL	https://www.breakingupthanksgiving.com/	FALSE
11	Catalina Dance Weekend																Catalina Island CA	https://www.catalinadanceweekend.com/	FALSE
12	Dancing Fish: December																Melrose FL	https://dancingfish.dance/	FALSE
12	Winter Warmup Dance Weekend														12/4/2026	12/6/2026	Worthington OH	https://bigscioty.com/winterwarmup/	FALSE
12	Contradancers Delight Holiday (Winter)													Ladies/Gents			Morgantown, WV	https://contradancersdelight.com/	FALSE
12	Bash on Vashon																Vashon Island WA	https://bashonvashon.org/	FALSE
12	Berea Christmas Country Dance School																Berea KY	https://bereaccds.org/	FALSE
12	Terpsichore's Holiday																Adamstown MD	https://terpsichore.lloydshaw.org/	FALSE
12	Winter Dance Week																Brasstown NC	https://folkschool.configio.com/pd/3382/winter-dance-week-2025	FALSE
																			FALSE
	end of active list																		FALSE
																			
	check with emily rush to get full gig list																		
																			
																			
1	Orange Blossom Ball																Daytona FL	http://www.orangeblossomcontra.com/	
1	Contra Dream																Dayton VA	https://shenandoahvalleycontradance.weebly.com/contra-dream-2020.html	
1	Peterborough Snow Ball																Peterborough NH	http://www.monadnockfolk.org/?tribe_events=%E2%98%BC-%E2%98%BC-%E2%98%BC-peterborough-snow-ball-2018	
1	Wintergreen Dance Weekend																Bozeman MT	https://bozemanfolklore.org/wintergreen-2024/	
2	Fairbanks Winter Weekend																Fairbanks AK	https://contraborealis.org/winter-dance-weekend-2019/	
2	Chance Dance Weekend																Cape Girardeau MO	http://chance-dance.angelfire.com/	
2	Dancing with the GODS																Gainesville FL	http://godsdance.org/?q=weekend2019	
3	Tropical Dance Vacation: Hawaii																Big Island HI	http://www.tropicaldancevacation.com/	
3	Appleseed Allemande																North Manchester IN	http://www.contrafortwayne.org/Appleseed%20Allemande.html	
4	Chesapeake Dance Weekend																Edgewater MD	http://www.chesapeakedanceweekend.org/	
4	Desert Spring																Phoenix AZ	http://www.danceinaz.org/	
4	Spring Fling Owen Sound																Owen Sound ON	http://fiddlefern.ca/spring-fling/	
4	Mad Robin Romp																Bloomington IA	http://bloomingtoncontra.org/mad-robin-romp/	
4	Contra Holiday in Medieval England													Gents / Ladies			Ely UK	https://www.contraholiday.net	next in 2027
5	Almost Heaven Dance Weekend																Darlington MD	https://sites.google.com/site/ahsince1988/home	
5	Form the Ocean													Larks / Robins			Becket MA	next in 2020	
5	Camp Sturtevant Dance Weekend													Larks / Robins			Arcadia CA	http://www.caldancecoop.org/camp-sturtevant/	
6	Dance Trance Weekend																Lexington KY	http://www.dancetrance.ltda.ws/	
6	June Bug Bash																Pinellas Park FL	https://www.facebook.com/events/pinellas-park-auditorium/june-bug-bash/284762719071796/	
6	Faultline Frolic																Santa Rosa CA	https://nbcds.org/faultline-frolic-2019/	
6	Asheville Summer Soiree																Asheville NC	http://www.ashevillecontra.com/	
7	Ooh La La Dance Weekend																Richmond QC	http://oohlaladance.com/	
7	Delafield IndepenDance Daze Weekend																Delafield WI	http://www.delafieldcontra.com/Delafield_Contra_Weekend.html	
	Northfield Winter Stomp																	cancelled for 2017	
8	Drumlin Contra Dance Camp																	https://www.facebook.com/Drumlin-Contra-Dance-Camp-108143410543945/?	
8	Burning Man Contra Dance Camp																Black Rock City	http://www.contraburners.org/	
9	Labor Day Dawndance																Brattleboro VT	http://www.dawndance.org/	
																			
3	Tropical Dance Vacation: Hawaii																Big Island, Hawaii	not in 2018	
5	Catapult!																Atlanta GA	not in 2018, butterfly whirl instead	
5	Memorial Day Dawndance																Brattleboro VT	http://www.dawndance.org/	needs organizers
3	Spring Fever Dance Weekend																Aptos CA	indefinite hiatus	
2	Midwinter Meltdown Dance Weekend																Lawrence KS	taking 2018 off	
1	A New Year's Affair																Jonesborough TN	can't find 2018 data; not sure if it happened	
1	Shenandoah Shindig																Dayton VA	can't find anything about 2018	
3	Memfest Dance Weekend																Memphis TN	can't find anything about 2018	
3	Contra Holiday in Medieval England																Ely, England	next happening in 2019	
3	Phoenix Spring Frolic																Mesa AZ	looks like they only did a winter one this year	
5	Wheatland Traditional Arts Weekend																Remus, M	no contra	
7	Southern Aire: Dawn Dance																Mountain City TN	https://joyboundliving.com/dawn-dance	
8	Fly the Coop Contra Weekend																Gainesville GA	doesn't seem to be in 2018?	
9	Oldtone Roots Festival																Hillsdale NY	very little contra in 2018	
9	Ozark Folk Center Dance Days																Mountain View AR	http://www.arkansascountrydance.org/ozark.htm	
9	Star Hampshire Traditional Music and Dance Weekend																Portsmouth NH	DEFUNCT	
9	Footfall Dance Weekend																High View WV	http://www.footfalldance.com/index.php	
10	Solefest Dance Weekend																Springfield MO	cancelled for 2018	
																			
9	Northwest Passage Dance Camp																Rhododendron	ecd every other year	
																			
10	Fine Time at Our House																Fayetteville AR	very little contra	
5	Blue Moon Dance Weekend																Huntsville AL	doesn't look like it happened in 2018	
10	Hoosier Partner																Indianapolis IN	not in 2019	
10	Looking Glass Music and Dance Festival																Lansing MI	http://www.lgmaa.org/lg_festival.html	
11	Contra Fest																Albany NY	https://www.danceflurry.org/event/contrafest/	
