typical month	name	caller1	caller2	caller3	caller4	caller5	caller6	band1	band2	band3	band4	band5	band6	roles	date	location	url
1	A New Year's Affair	Jesse Edgerton	Charlotte Crittenden					Playing with Fyre	Buddy System						1/2/2016	Jonesborough TN	http://www.historicjonesboroughdancesociety.com/site/calendar/
1	Phoenix Winter Frolic	Adina Gordon						The Stringrays							1/8/2016	Mesa AZ	http://www.phxtmd.org/frolics-main.html
1	Chambana Jan Jam	Dugan Murphy	Anne Huber	Scott Meyer	Jonathan Silver			Ripples	Mean Lids						1/8/2016	Urbana IL	http://www.urbana-contra.org/jan_jam.html
1	Orange Blossom Ball	Bev Bernbaum	Susan Kevra	Jeremy Korr				The Avant Gardeners	The Moving Violations						1/15/2016	Daytona FL	http://www.orangeblossomcontra.com/
1	Ralph Page Dance Legacy Weekend	Dave Eisenstadter	Chrissy Fowler	Tony Parkes				Old Grey Goose	Pete's Posse						1/15/2016	Durham NH	http://ralphpage.neffa.org/
1	Shenandoah Shindig	Will Mentor	Sarah VanNorstrand					Great Bear	Maivish	Buddy System					1/15/2016	Dayton VA	http://daytoncontradance.wix.com/shenandoah-shindig
1	Contra Carnivale	Bob Isaacs	Susan Michaels	Nils Fredland				Latter Day Lizards	Stringrays	Syncopaths					1/16/2016	San Louis Obispo CA	http://www.cccds.org/ContraCarnivale/
1	Contra Swing Shift Weekend	Dana Parkinson						Mean Lids							1/22/2016	Berea KY	http://www.swingshift.ltda.ws/
1	Florida Snow Ball	Frannie Marr	Cis Hinkle					Syncopaths	The JEMS						1/22/2016	Gulfport FL	http://floridasnowball.tampabaycontra.com/
1	Peterborough Snow Ball	Steve Zakon-Anderson	Will Mentor	Lisa Greenleaf	Sarah VanNorstrand			Double Date	Nor'Easter	Nova	Great Bear				1/23/2016	Peterborough NH	http://www.monadnockfolk.org/?tribe_events=%E2%98%BC-%E2%98%BC-%E2%98%BC-peterborough-snow-ball-2016
1	Wintergreen Dance Weekend	Erik Weberg						The Quarks	Sassafras Stomp						1/29/2016	Bozeman MT	http://www.bozemanfolklore.org/wintergreen.html
2	Tropical Dance Vacation: St Croix	George Marshall						Wild Asparagus							2/3/2016	St Croix	http://www.tropicaldancevacation.com/st-croix.html
2	Dancing Fool Feb Fool	Cis Hinkle	Frannie Marr					Elixir	Riptide						2/5/2016	Seattle WA	http://dancingfool.net/
2	Corvallis Contra Dance Weekend	Bob Isaacs	Frannie Marr					Great Bear	Contra Sutra						2/12/2016	Corvallis OR	http://corvallisfolklore.org/ccw/
2	Cabin Fever/Knoxville Dance Festival	Diane Silver						JEMS	Coffee Zombies						2/12/2016	Knoxville TN	http://kcd.gmn-usa.com/
2	Dance Flurry Festival	Lisa Greenleaf	Will Mentor					Crowfoot	Clayfoot Strutters						2/12/2016	Saratoa Springs NY	http://www.flurryfestival.org/
2	Ski Dance Weekend	Janine Smith	Bob Mathis					Unnamed							2/12/2016	Laurel Highlands PA	https://web.archive.org/web/20160109235355/http://www.skidance.com/
2	Bayou Bedlam	Susan Kevra						Nor'Easter							2/16/2016	Houston TX	http://www.bayoubedlam.org/
2	Ann Arbor Dawn Dance Weekend	Bev Bernbaum						Maivish							2/19/2016	Ann Arbor MI	http://aactmad.org/ddw/
2	Midwinter Meltdown Dance Weekend	Lisa Harris	Jim Williams					Squirrelheads and Gravy	Dire Ducks						2/19/2016	Lawrence KS	http://www.lawrencebarndance.org/mmwknd.html
2	Stellar Days & Nights	Bill Olson	Erik Erhardt					Ti'Acadie	unnamed						2/23/2016	Buena Vista CO	http://www.stellardaysandnights.org/
2	Fiddling Frog Dance Festival	Lisa Greenleaf	Luke Donforth					Giant Robot Dance	The JEMS						2/26/2016	Pasadena CA	http://www.caldancecoop.org/cgi/frogdriver.cgi
2	Chance Dance Weekend	Open Calling						Euphor	Ripples	Turnip the Beet					2/26/2016	Cape Girardeau MO	http://chance-dance.angelfire.com/
2	Dancing with the GODS	Will Mentor	Angela DeCarlis					Night Watch	Notorious						2/26/2016	Gainesville FL	http://godsdance.org/?q=weekend2016
3	Lava Meltdown	Mary Wesley						Maivish	Bandage a Trois						3/4/2016	Lava Hot Springs ID	http://www.lavameltdown.info/
3	Tropical Dance Vacation: Hawaii	George Marshall						Maivish							3/7/2016	Big Island, Hawaii	http://www.tropicaldancevacation.com/hawaii.html
3	Memfest Dance Weekend	Cis Hinkle						The Rhythm Raptors							3/11/2016	Memphis TN	http://www.memphiscontra.org/memfest.html
3	Spring Fever Dance Weekend	Gaye Fifer	Nikki Herbst	Adina Gordon				Triple A	Wilson's Arch	The Whoots					3/11/2016	Aptos CA	https://www.bacds.org/camps/sprwkend2016/
3	Phoenix Spring Frolic	Susan Kevra						The Avant Gardeners							3/11/2016	Mesa AZ	http://www.phxtmd.org/frolics-main.html
3	Pigtown Fling	Will Mentor	Liz Natter					Riptide	Changeling						3/11/2016	Cincinattia OH	http://www.cincinnaticontradance.org/pigtown.htm
3	Spring Breakdown Dance Weekend	Steve Zakon-Anderson						Nor'Easter							3/18/2016	Columbia MO	https://mmtdcolumbia.org/dance-weekend-2-2/
3	Gypsy Meltdown	George Marshall	Beth Molaro					Wild Asparagus	Rushfest						3/18/2016	Tega Cay SC	http://www.charlottedancegypsies.org/meltdown.html
3	Appleseed Allemande	Kate Power						Banjo Tramps							3/19/2016	North Manchester IN	http://www.contrafortwayne.org/Appleseed%20Allemande.html
3	DownEast Country Dance Festival	Bill Olson	Linda Leslie					Nor'Easter	Barefoot						3/25/2016	Topsham ME	http://www.deffa.org/festival/
4	Epicenter dance weekend	Lisa Greenleaf	Nils Fredland					JigJazz	Elixir						4/1/2016	Mill Valley CA	http://nbcds.org/epicenter2016/index.html
4	University of Chicago Dance Weekend	Maggie Jo Saylor	Sarah VanNorstrand					Great Bear	Buddy System						4/1/2016	Chicago IL	http://uchicagofac.wix.com/contra#!danceweekend/c2414
4	Cascade Contras Dance Camp	Cis Hinkle	Lindsey Dono					Notorious	Nettles						4/8/2016	Fall Creek OR	http://www.eugenefolklore.org/CascadeContras
4	SF Bay Queer Contra Dance Camp	Frannie Marr						Syncopaths							4/8/2016	Aptos CA	http://www.lcfd.org/sf/DanceCamp/wcamp.html
4	Chesapeake Dance Weekend	Lisa Greenleaf	Larry Edelman					Stringrays	Hogwire Stringband						4/8/2016	Edgewater MD	http://www.chesapeakedanceweekend.org/
4	Springforth Ball	Nils Fredland						Elixir							4/8/2016	Richmond VA	http://tadamsva.org/springforth/
4	Call of the Loon Dance Weekend	Sue Hulsether						Wild Asparagus	Contratopia						4/8/2016	Minneapolis MN	http://calloftheloon.org/
4	Spring Dance Romance	Beth Molaro	Will Mentor					Coffee Zombies	Nor'Easter	Rushfest					4/15/2016	Chapel Hill NC	http://www.tcdancers.org/SDR/sdr.shtml
4	Palmetto Bug Stomp	Nils Fredland	Terry Doyle					Notorious	Contraforce						4/15/2016	Charleston SC	http://charlestonfolk.weebly.com/palmetto-bug-stomp.html
4	When in Doubt Swing	Susan Michaels						Syncopaths							4/15/2016	Dallas TX	http://www.nttds.org/wids.html
4	NEFFA	various						various							4/15/2016	Mansfield MA	http://neffa.org/What_is_Festival.html
4	Fiddlehead Frolic	Mary Wesley						Mean Lids							4/16/2016	Ithaca NY	http://events.cornell.edu/event/fiddlehead_frolic
4	Hands Four Spring Dance Weekend	Wendy Graham						Elixir							4/21/2016	Berea KY	http://www.hands4-berea.com/Workshops.html
4	Dandelion Romp	Adina Gordon	Beth Molaro					Nor'Easter	Anadama						4/22/2016	Oberlin OH	http://oberlin.edu/stuorg/dromp/
4	Portland Raindance Weekend	Rick Mohr	Deb Comly					Hotpoint	Clew Bay						4/22/2016	Portland OR	http://www.portlandraindance.org/
4	Northfield Winter Stomp	Robin Nelson						Contratopia							4/22/2016	Northfield MN	https://www.facebook.com/NorthfieldContraDance/
4	Trillium Twirl	Sarah VanNorstrand						Free Raisins							4/22/2016	Dowling MI	https://sites.google.com/site/trilliumtwirl/
4	Spring Fling Owen Sound	Carol Ormand	Frank Francalanza					The O'Schraves	Scatter the Cats						4/29/2016	Owen Sound ON	http://fiddlefern.ca/sf_2016/
4	Mad Robin Romp	Dugan Murphy						Locust Honey							4/29/2016	Bloomington IN	http://bloomingtoncontra.org/mad-robin-romp/
5	Gender-Free Dance Camp (Spring)	Andy Shore						Frost and Fire							5/6/2016	Woodstock CT	http://lcfd.org/lcfd/lcfd-spring-dance-camp/
5	Whitewater Whirl	Gaye Fifer	Tom Hinds					Maivish	Contrarians	Rushfest					5/6/2016	Fayetteville WV	http://www.whitewaterwhirl.org/
5	Lake Eden Arts Festival - Spring	Steve Zakon-Anderson	Will Mentor					The Stringrays	Nova	Buddy System					5/12/2016	Black Mountain NC	http://www.theleaf.org/the-festival/
5	May Madness Dance Weekend	Bev Bernbaum	Jeremy Korr					Joyride	Maivish						5/13/2016	Clarkdale AZ	http://www.danceinaz.org/
5	Almost Heaven Dance Weekend	George Marshall	Janine Smith					Great Bear	Coffee Zombies	Rushfest					5/19/2016	Darlington MD	https://sites.google.com/site/ahsince1988/home
5	Blue Moon Dance Weekend	Susan Michaels						Nor'Easter	unnamed						5/20/2016	Huntsville AL	http://huntsvillecontra.dance/BlueMoon/
5	Butterfly Whirl	Cis Hinkle	Seth Tepfer	Janet Shepherd				Latter Day Lizards	Mean Lids	Contrazz					5/27/2016	Clarkston GA	http://butterflywhirl.com/
5	Meet Me in St Louis Dance Weekend	David Kirchner	Bradley Smith					The Ripples	Stringdancer						5/27/2016	Kirkwood MO	http://www.childgrove.org/index.php/mmisl-home
5	FolkMADness Music & Dance Camp	Frannie Marr	Mary Wesley					Nova	Steam						5/27/2016	Soccoro NM	http://folkmads.org/events/camps/folkmadness/
5	Dancing Bear Dance Camp	Linda Leslie	Steve Pike					Great Bear	Buster						5/27/2016	Wasilla AK	http://www.thedancingbears.com/Dance-Camp.html
5	Wheatland Traditional Arts Weekend	Ron Buchanan	Pop Wagner					Maivish	Rhythm Billies						5/27/2016	Remus, MI	http://www.wheatlandmusic.org/traditional-arts-weekend/
5	Camp Sturtevant Dance Weekend	Susan Michaels						unnamed							5/27/2016	Arcadia CA	http://www.caldancecoop.org/cgi/studriver.cgi
5	Memorial Day Dawndance	Bob Isaacs	Lisa Greenleaf	Luke Donforth				Coracree	Nor'Easter	The Figments					5/28/2016	Brattleboro VT	http://www.dawndance.org/
6	Dance Trance Weekend	Adina Gordon	Darlene Underwood					Free Raisins							6/10/2016	Lexington KY	http://www.dancetrance.ltda.ws/
6	Flamingo Fling Weekend	Mary Wesley						Great Bear							6/10/2016	Oaklahoma City OK	http://scissortail.org/special-events/flamingo-fling/
6	Swing into Summer	Adina Gordon	Michael Hamilton					Gallimaufry	unnamed						6/17/2016	Plymouth MA	http://www.swingintosummer.org/
6	Faultline Frolic	Cis Hinkle	Warren Blier					Notorious	Paddy Ryan's Dream						6/17/2016	Santa Rosa CA	http://www.nbcds.org/faultlinefrolic2016.html
6	Asheville Summer Soiree	Gaye Fifer	Charlotte Crittenden					Syncopaths	Contrazz	Toss the Possum	Rushfest				6/17/2016	Asheville NC	http://www.ashevillecontra.com/
6	Lady of the Lake June Week	Lisa Greenleaf	Will Mentor	Brooke Friendly				The Moving Violations	The Figments	The Canote Brothers					6/19/2016	Kennewick WA 	http://www.ladyofthelake.org/june-week/
6	Mostly Contra Week	Beth Molaro						Latter Day Lizards							6/24/2016	Copenhagen Denmark	http://squaresandcontras.dk/data/bilag/2016_folkations_weekend_engelsk.pdf?
6	June Moon Dance Weekend	Sarah VanNorstrand	Gaye Fifer	Ron Buchanan				The Contrarians	Hotpoint						6/24/2016	Morgantown WV	http://www.morgantowndance.com/weekend-htm/
6	Old Songs Festival	Susan Kevra						Gaslight Tinkers	Pete's Posse						6/24/2016	Voorheesville NY	http://festival.oldsongs.org/
6	BACDS American Dance and Music Week	Cis Hinkle	Will Mentor					Genticorum	Stringrays						6/26/2016	La Honda CA	https://www.bacds.org/camps/amweek/
7	July Fourth at Pinewoods	Lisa Greenleaf						unnnamed							6/30/2016	Plymouth MA	http://www.cds-boston.org/july4/july4.html
7	Ooh La La Dance Weekend	David Millstone	Susan Petrick					Maivish	Sassafras Stomp						7/1/2016	Richmond QC	http://oohlaladance.com/
7	Delafield IndepenDance Daze Weekend	Luke Donforth	Meg Dedolph					Free Raisins	Gatecrashers						7/1/2016	Delafield WI	http://www.delafieldcontra.com/Delafield_Contra_Weekend.html
7	Contradancers Delight Holiday (Summer)	Beth Molaro	Terry Doyle	Emily Abel				Great Bear	Toss the Possum	Playing with Fyre	Rushfest				7/1/2016		http://www.contradancersdelight.com/about-summer-cdh-tst/
7	Roanoke Railroader	Beth Molaro	George Marshall	Warren Doyle				Great Bear	Toss the Possum	Swallowtail	Playing with Fyre	Rushfest			7/7/2016	Salem VA	http://www.roanokerailroader.com/
7	River Rendevous	George Marshall	Emily Abel					Maivish	Hotpoint						7/15/2016	Coshocton OH	http://www.riverrendezvous.com/
7	Chattaboogie	Janet Shepherd	Charlotte Crittenden					Toss the Possum	Turnip the Beet						7/15/2016	Chattanooga TN	http://contranooga.weebly.com/chattaboogie-2016.html
7	Ashokan Northern Week	David Kaynor	Susan Kevra	Will Mentor	John Krumm			Tidal Wave	Buddy System	Great Bear	Alchemy				7/17/2016	Olivebridge NY	http://ashokan.org/northern-week-camp/
8	Falcon Ridge Folk Festival	George Marshall	Kathryn Wedderburn					Gaslight Tinkers	Pete's Posse	Great Bear					8/5/2016	Hillsdale NY	http://falconridgefolk.com/
8	Camp Damp	Lindsey Dono						The Offbeats							8/5/2016	Juneau AK	http://www.juneaucontras.org/campdamp_nuevo.html
8	Fly the Coop Contra Weekend	Beth Molaro	Cis Hinkle					The Free Raisins	Barefoot	Rushfest					8/12/2016	Gainesville GA	http://atgaga.com/flythecoop
8	Birmingham (Mentone) Old Time Music and Dance Weekend	Cis Hinkle	Bob Dalsemer					Notorious	Red Mountain White Trash						8/19/2016	Mentone AL	https://sites.google.com/site/bfootmad/mentone-dance-weekend
8	Wasatch Wiggle	Maggie Jo Saylor						Latter Day Lizards							8/19/2016	Salt Lake City UT	http://www.wasatchwiggle.org/home_high.html
8	Balance the Bay	Mary Wesley	Susan Petrick					Nor'Easter	Sassafras Stomp						8/19/2016	San Francisco	https://www.bacds.org/camps/btb/
8	Burning Man Contra Camp	Michael Karcher	Frannie Marr					unnnamed	Rushfest						8/30/2016	Gerlach NV	http://www.burningmancontradance.com/
9	Northwest Passage Dance Camp	Bruce Hamilton	Joanna Reiner					The Tricky Brits	Alchemy						9/2/2016	Rhododendron OR	http://www.nwpassagedancecamp.org/
9	Dance Camp North	Mary Wesley						Mean Lids							9/2/2016	Fairbanks AK	http://contraborealis.org/dance-camp-north/
9	Labor Day Dance Away	Susan Petrick	Sarah VanNorstrand					Triple A	Notorious						9/2/2016	Julian CA	http://www.caldancecoop.org/cgi/lddadriver.cgi
9	Labor Day Dawndance	Adina Gordon	Ron Blechner	Will Mentor				Maivish	Pete's Posse	Nova					9/4/2016	Brattleboro VT	http://www.dawndance.org/
9	Oldtone Roots Festival	Quena Crain						Russet Trio	Mountain Laurel						9/8/2016	Hillsdale NY	
9	Moondance Dance Weekend	Cis Hinkle	Jesse Edgerton					Maivish	Playing with Fyre						9/9/2016	Pickens SC	http://www.harvestmoonfolk.org/index.php/moondance
9	Footfall Dance Weekend	George Marshall	Sue Rosen					Frost and Fire	Pete's Posse	Triple Helix					9/9/2016	High View WV	http://www.footfalldance.com/index.php
9	Bear Hug Dance Camp	Roger Diggle	Michael Karcher					Stringrays	Countercurrent						9/9/2016	Rollins MT	http://www.missoulafolk.org/bearhug/Bear_Hug_2016.htm
9	Echo Summit	Erik Weberg	Lisa Greenleaf					JEMS	Quarks						9/16/2016	Sacremento CA	https://sactocds.wordpress.com/special-events/echo-summit-dance-camp-2016/
9	Michigan Dance Heritage Fall Weekend	Bev Bernbaum						O'Schraves							9/16/2016	Lexington MI	http://mdh-online.org/fall/
9	Star Hampshire Traditional Music and Dance Weekend	Will Mentor						unnamed							9/16/2016	Portsmouth NH	http://starisland.org/program/star-hampshire-music-and-dance-23rd-annual-traditional-music-and-dance-weekend/
9	Squirrel Moon Contra Dance weekend	Tom Hinds						Pat's Properllers							9/16/2016	Dodgeville WI	http://www.squirrelmoon.org/
9	Feet Retreat	Sarah VanNorstrand	Emily Abel					Great Bear	House Red	Rushfest					9/16/2016	Ellerbe NC	https://www.feetretreat.com/feetretreat/
8	Splash Dance Weekend	Open Calling						Open Band							8/26/2017	Hendersonville, NC	http://oldfarmersball.com/contra-dances/splash-dance-weekend/
9	Chehalis Dance Weekend	Dave Eisenstadter	Charlotte Crittenden					Countercurrent	Maivish						9/23/2016	Chehalis BC	http://www.vcn.bc.ca/vcountry/chehalis/
9	Youth Dance Weekend	Michael Karcher	Miriam Newman					Pete's Posse	Turnip the Beet	Rushfest					9/23/2016	Weston VT	http://youthdanceweekend.org/
9	Adirondack Dance Weekend	Brian Hamshar	Adina Gordon					Party of Three	Maivish	Spare Parts					9/30/2016	Silver Bay NY	http://www.danceflurry.org/events_adirondack.php
9	ContraShock	Will Mentor	Gaye Fifer					Mean Lids	Barefoot						9/30/2016	Brooklyn NY	http://contrashock.org/
9	Looking Glass	Michael Hamilton	Lauren Peckman					The Ripples	Turnip the Beet						9/30/2016	Lansing MI	http://www.lgmaa.org/lg_festival.html
10	ContraStock	Mary Wesley	Gaye Fifer	Will Mentor				Stringrays	Barefoot	Mean Lids					10/2/2016	Glen Echo MD	http://www.glenechopark.org/contrastock-vi-all-day-dances
10	Lady of the Lake Fall Camp	Susan Petrick						Joyride	Dog Paw						10/7/2016	Kennewick WA 	http://www.ladyofthelake.org/fallwend/
10	Harvest Moon Dance Festival	Bob Isaacs	Dana Parkinson					Clayfoot Strutters	Nova						10/14/2016	Santa Barbara CA	http://www.sbcds.org/hm/
10	Gender-Free Dance Camp (Fall)	Carol Ormand						Les Z-Boys							10/14/2016	Becket MA	http://lcfd.org/lcfd/lcfd-fall-dance-camp/
10	Mountain Madness Contra Dance Weekend	Will Mentor	Beth Molaro					Stringrays		Toss the Possum	Rushfest				10/14/2016	Jonesborough TN	http://www.historicjonesboroughdancesociety.com/site/calendar/
10	Phylla Mae Fall Fest	Bev Bernbaum	Kathy Anderson					Pete's Posse							10/14/2016	Fayetteville NY	https://syracusecountrydancers.org/special-events/phylla-mae-fall-fest/
10	Peterbough Fall Ball														10/15/2016	Peterborough NH	http://www.monadnockfolk.org/?tribe_events=%E2%98%BC-%E2%98%BC-%E2%98%BC-peterborough-fall-ball-2016
10	Lake Eden Arts Festival - Fall	Lisa Greenleaf	Emily Abel					Elixir	Coffee Zombies	Buddy System	DJ Jor-D				10/20/2016	Black Mountain NC	http://www.theleaf.org/the-festival/
10	Cville Fall Festival	Sarah VanNorstrand						Stringrays							10/21/2016	Charlottesville VA	https://contracorners.com/cville_fall_festival
10	Solefest Dance Weekend	Diane Silver						The Free Raisins							10/21/2016	Springfield MO	http://www.springfieldcontra.org/solefest.htm
10	Tree Town Stomp	George Marshall	Frank Buschelmann					Wild Asparagus	Changeling						10/21/2016	Ann Arbor MI	http://aactmad.org/tts/
10	Music City Masquerade	Diane Silver	Charlotte Crittenden					Nashville Ceili Band	The Latter Day Lizards	Rushfest					10/28/2016	Nashville TN	http://nashvillecountrydancers.org/music-city-masquerade-2/
10	Dancing Fool Fall Fool	Will Mentor	Jeremy Korr					Mean Lids	Notorious						10/28/2016	Seattle WA	http://dancingfool.net/
10	Boo Camp	Noralyn Parsons	Erik Erhardt					The Adobe Brothers	Thrifters						10/28/2017	Jemenz Springs NM	http://folkmads.org/events/camps/boo-camp/
	Foggy Moon Dance Weekend	George Marshall	Warren Blier					Barefoot	Elixir	BLAM!	The Crabapples				11/4/2017	Monterey CA	http://montereycdc.webs.com/foggymoondanceweekend.htm
11	Hey Fever Dance Weekend	Sarah VanNorstrand	Rick Mohr					Great Bear	Free Raisins						11/4/2016	Ottawa ON	http://www.ottawacontra.ca/heyFever/
11	Dance in the Desert	Erik Weberg	Frannie Marr					Contra Sutra	Privy Tippers						11/11/2016	Oracle AZ	http://tftm.org/ditd/
11	Pittsburgh Fall Dance Weekend	Gaye Fifer	Michael Hamilton					Coffee Zombies	Turnip the Beet	Rushfest					11/11/2016	Pittsburgh PA	http://pittsburghcontra.org/fdw/
11	Danceable Feast	George Marshall						Wild Asparagus							11/11/2016	Eugene OR	http://danceablefeast.org/
11	Head for the Hills Dance Weekend	various						Hold the Mustard	Raise the Roof						11/11/2016	Kresgeville PA	http://www.head-for-the-hills.com/
11	Contra Fest	Dugan Murphy						Unnamed							11/11/2016	Albany NY	http://www.danceflurry.org/contrafest.php
11	Fleur-de-Lis Fling	Susan Kevra	Susan Michaels					Genticorum	Pete's Posse						11/18/2016	Louisville KY	http://www.loukyfleurfling.org/
11	Rochester Thanksgiving Dance Weekend	Mary Wesley	Dave Smulker	Rebecca McCallum				Pete's Posse	Tempest						11/25/2016	Rochester, NY	https://www.cdrochester.org/?page_id=388
12	Winter Warmup Dance Weekend	Cis Hinkle	Frank Buschelmann					Stringrays	The Ripples						12/2/2016	Worthington OH	http://bigscioty.com/warmup.html
12	Contradancers Delight Holiday (Winter)	Beth Molaro	Dugan Murphy					Lift Ticket	Buddy System	Toss the Possum	Barefoot				12/26/2016	Morgantown WV	http://www.contradancersdelight.com/
11	Atlanta Dance Weekend	Cis Hinkle	Sarah VanNorstrand	Deanna Palumbo				Great Bear	Barefoot	The Stuff					11/11/2016	Atlanta GA	http://www.contradance.org/html/weekend/
5	Catapult!															Atlanta GA	not happening in 2016
11	Fire Ant Frolic	Susan Petrick						unnamed	Rushfest						11/11/2016	Austin TX	http://www.fireantfrolic.org/
10	Gypsy Moon Ball	Cis Hinkle	Bradley Smith					Party of Three	Mulberry Street						10/21/2016	Indianapolis IN	http://www.indycontra.org/gypsy-moon-ball/
11	Pilgrim's Progression Dance Weekend	Adina Gordon						Steam							11/18/2016	Lawrence KS	http://www.lawrencebarndance.org/lbdawknd.htm
9	Mountain View Dance Festival	Bob Isaacs						Lost and Nameless							9/9/2016	Mountain View AR	http://www.arkansascountrydance.org/mtView.htm
11	ContraCopia	Dave Eisenstadter	Beth Molaro	Frannie Marr				Decalf Zombies	Mean Lids	Gaslight Tinkers					11/26/2016	Philadelphia PA	http://www.thursdaycontra.com/contracopia/
11	12-hour Twirl	Jeremy Korr	Lindsey Dono	Susan Pleck	Kelsey Hartman			Mean Lids	Syncopaths	Uncle Farmer					11/19/2016	Hayward CA	https://sites.google.com/site/haywardcontra/home/tdogs-12-hour-twirl
10	Florida Fall Ball	Frannie Marr						Lift Ticket	Category 5							Tampa FL	http://www.tampabaycontra.com/
	end of active list																
	Spring Thaw Weekend															Toronto ON	cancelled for 2016
	Great Bear Groove																not in 2016
